-- MySQL dump 10.11
--
-- Host: localhost    Database: shop
-- ------------------------------------------------------
-- Server version	5.0.51b-community-nt

/*!40101 SET @OLD_CHARACTER_SET_CLIENT=@@CHARACTER_SET_CLIENT */;
/*!40101 SET @OLD_CHARACTER_SET_RESULTS=@@CHARACTER_SET_RESULTS */;
/*!40101 SET @OLD_COLLATION_CONNECTION=@@COLLATION_CONNECTION */;
/*!40101 SET NAMES utf8 */;
/*!40103 SET @OLD_TIME_ZONE=@@TIME_ZONE */;
/*!40103 SET TIME_ZONE='+00:00' */;
/*!40014 SET @OLD_UNIQUE_CHECKS=@@UNIQUE_CHECKS, UNIQUE_CHECKS=0 */;
/*!40014 SET @OLD_FOREIGN_KEY_CHECKS=@@FOREIGN_KEY_CHECKS, FOREIGN_KEY_CHECKS=0 */;
/*!40101 SET @OLD_SQL_MODE=@@SQL_MODE, SQL_MODE='NO_AUTO_VALUE_ON_ZERO' */;
/*!40111 SET @OLD_SQL_NOTES=@@SQL_NOTES, SQL_NOTES=0 */;

--
-- Current Database: `shop`
--

/*!40000 DROP DATABASE IF EXISTS `shop`*/;

CREATE DATABASE /*!32312 IF NOT EXISTS*/ `shop` /*!40100 DEFAULT CHARACTER SET utf8 */;

USE `shop`;

--
-- Table structure for table `additemtemp`
--

DROP TABLE IF EXISTS `additemtemp`;
SET @saved_cs_client     = @@character_set_client;
SET character_set_client = utf8;
CREATE TABLE `additemtemp` (
  `id` int(10) unsigned NOT NULL auto_increment,
  `name` varchar(100) NOT NULL,
  `barcode` varchar(100) NOT NULL,
  `category_id` int(10) unsigned NOT NULL,
  `supplier_id` int(10) unsigned NOT NULL,
  `purchasingPrice` double NOT NULL,
  `sellingPrice` double NOT NULL,
  `quantity` int(11) NOT NULL,
  `notes` text NOT NULL,
  `date` datetime NOT NULL default '0000-00-00 00:00:00',
  `sache_no` varchar(45) NOT NULL,
  `motor_no` varchar(45) NOT NULL,
  `kind` varchar(45) NOT NULL,
  `size` varchar(45) NOT NULL,
  PRIMARY KEY  (`id`),
  KEY `FK_addItemTemp_1` (`category_id`),
  KEY `FK_addItemTemp_2` (`supplier_id`),
  CONSTRAINT `FK_addItemTemp_1` FOREIGN KEY (`category_id`) REFERENCES `category` (`id`) ON DELETE CASCADE ON UPDATE CASCADE,
  CONSTRAINT `FK_addItemTemp_2` FOREIGN KEY (`supplier_id`) REFERENCES `company` (`id`) ON DELETE CASCADE ON UPDATE CASCADE
) ENGINE=InnoDB AUTO_INCREMENT=168 DEFAULT CHARSET=utf8;
SET character_set_client = @saved_cs_client;

--
-- Dumping data for table `additemtemp`
--

LOCK TABLES `additemtemp` WRITE;
/*!40000 ALTER TABLE `additemtemp` DISABLE KEYS */;
INSERT INTO `additemtemp` VALUES (1,'سوى حوض شريط','1001',1,4,250,290,12,'','2019-11-04 20:48:40','null','null','null','null'),(2,'سوى سوسته مبطن ','1002',2,4,220,320,12,'','2019-11-04 20:50:09','null','null','null','null'),(3,'تريكو ','1003',13,4,175,250,8,'','2019-11-04 20:51:15','null','null','null','null'),(5,'اندر شرت بيكا ','1005',13,2,120,170,8,'','2019-11-04 20:58:35','null','null','null','null'),(6,'سوي حوض شريط ','1006',1,2,185,250,4,'','2019-11-04 21:11:10','null','null','null','null'),(8,'سوي حوض شريط ','1008',1,2,195,270,4,'','2019-11-04 21:14:25','null','null','null','null'),(10,'سوي حوض برنت','1010',1,2,185,250,4,'','2019-11-04 21:17:34','null','null','null','null'),(11,'جاكت مستورد ','1011',12,2,350,450,5,'','2019-11-04 21:19:44','null','null','null','null'),(12,'تريكو ','1012',13,7,130,185,15,'','2019-11-04 21:24:41','null','null','null','null'),(13,'سوى مستورد طبعه ','1013',14,3,325,395,12,'','2019-11-04 21:29:24','null','null','null','null'),(14,'سوى مستورد طبعه ','1014',14,3,300,370,12,'','2019-11-04 21:30:39','null','null','null','null'),(15,'سوى مستورد طبعه ','1015',14,3,280,350,8,'','2019-11-04 21:31:13','null','null','null','null'),(16,'جاكت town team','1016',11,1,550,750,6,'','2019-11-05 09:38:06','null','null','null','null'),(17,'سوى Town Team','1017',2,1,300,395,6,'','2019-11-05 09:44:19','null','null','null','null'),(18,'سوى Town Team','1018',1,1,275,320,6,'','2019-11-05 09:49:50','null','null','null','null'),(19,'سوى Town Team','1019',14,1,300,375,12,'','2019-11-05 09:59:02','null','null','null','null'),(20,'سوى Town Team','1020',1,1,260,330,6,'','2019-11-05 10:01:44','null','null','null','null'),(21,'سوى Town Team','1021',14,1,290,365,12,'','2019-11-05 10:15:28','null','null','null','null'),(22,'سوى Town Team','1022',14,1,275,350,6,'','2019-11-05 10:25:54','null','null','null','null'),(23,'سوى Town Team','1023',14,1,280,370,6,'','2019-11-05 10:32:22','null','null','null','null'),(24,'سوى Town Team','1024',1,1,200,290,12,'','2019-11-05 10:44:17','null','null','null','null'),(25,'سوى Town Team','1025',1,1,250,320,6,'','2019-11-05 10:47:23','null','null','null','null'),(26,'سوى Town Team','1026',14,1,265,350,12,'','2019-11-05 11:01:30','null','null','null','null'),(27,'سوى Town Team','1027',14,1,275,380,6,'','2019-11-05 11:09:06','null','null','null','null'),(28,'سوى Town Team','1028',2,1,299,360,6,'','2019-11-05 11:23:51','null','null','null','null'),(29,'جاكت جينز ','1029',10,6,280,390,20,'','2019-11-05 11:41:34','null','null','null','null'),(30,'بنطلون بوى فرند ','1030',5,5,165,230,11,'','2019-11-05 12:16:30','null','null','null','null'),(31,'جاكت فلور','1031',3,5,300,400,4,'','2019-11-05 12:18:49','null','null','null','null'),(32,'بنطلون جينز','1032',5,5,165,230,8,'','2019-11-05 12:20:11','null','null','null','null'),(33,'بنطلون جينزبوى فرند','1033',5,5,165,230,20,'','2019-11-05 12:22:19','null','null','null','null'),(34,'بنطلون ساده','1034',5,6,143,200,8,'','2019-11-05 12:36:00','null','null','null','null'),(35,'بنطلون جينز ساده','1035',5,6,143,200,10,'','2019-11-05 12:38:58','null','null','null','null'),(36,'بنطلو جينز ساده ','1036',5,6,143,200,10,'','2019-11-05 12:40:10','null','null','null','null'),(37,'بطلون جينز مخربش','1037',4,6,145,210,10,'','2019-11-05 12:47:32','null','null','null','null'),(38,'بنطلون جينز مخربش','1038',4,6,145,210,9,'','2019-11-05 12:49:28','null','null','null','null'),(39,'بنطلون بيزك','1039',5,5,165,230,3,'','2019-11-05 12:54:32','null','null','null','null'),(40,'بنطلون جينز بيزك','1040',5,8,155,230,3,'','2019-11-05 12:56:48','null','null','null','null'),(41,'بنطلون جينز اسود','1041',5,6,135,200,3,'','2019-11-05 12:58:41','null','null','null','null'),(42,'بنطلون فاشون ','1042',4,6,145,200,5,'','2019-11-05 13:06:00','null','null','null','null'),(43,'بنطلون مخربش','1043',4,6,148,200,4,'','2019-11-05 13:10:04','null','null','null','null'),(44,'بنطلون مخربش','1044',4,6,145,200,2,'','2019-11-05 13:10:52','null','null','null','null'),(45,'بنطلون جينز بيزك ','1045',5,6,143,200,3,'','2019-11-05 13:13:50','null','null','null','null'),(46,'بنطلون بيزك','1046',5,6,143,200,6,'','2019-11-05 13:21:09','null','null','null','null'),(47,'بنطلون مخربش','1047',4,6,145,200,3,'','2019-11-05 13:28:08','null','null','null','null'),(48,'بنطلون بيكا اسوره','1048',5,9,125,200,4,'','2019-11-05 13:39:18','null','null','null','null'),(49,'تيشيرت اسكارف','1049',1,10,145,180,1,'','2019-11-05 13:42:41','null','null','null','null'),(50,'بضى كم','1050',15,11,60,110,2,'','2019-11-05 13:49:28','null','null','null','null'),(51,'تىشيرت بولو','1051',17,4,70,110,2,'','2019-11-05 13:51:01','null','null','null','null'),(52,'قميص','1052',16,1,185,230,1,'','2019-11-05 13:52:48','null','null','null','null'),(53,'سوى تيشرت كوبا','1053',14,1,285,360,1,'','2019-11-05 13:56:10','null','null','null','null'),(54,'تىشيرت زار','1054',1,10,100,140,3,'','2019-11-05 13:58:17','null','null','null','null'),(55,'تىشيرت دبل','1055',1,10,145,190,1,'','2019-11-05 13:58:47','null','null','null','null'),(56,'شروال شريط عريط ','1056',9,12,120,160,1,'','2019-11-05 14:03:48','null','null','null','null'),(57,'شروال سوفت','1057',8,12,145,185,2,'','2019-11-05 14:05:08','null','null','null','null'),(58,'شروال ميلتون ','1058',9,14,125,160,1,'','2019-11-05 14:06:34','null','null','null','null'),(59,'بنطلون تركى ','1059',5,6,130,190,2,'','2019-11-05 14:07:15','null','null','null','null'),(60,'بنطلون مخربش ','1060',4,6,145,200,2,'','2019-11-05 14:10:31','null','null','null','null'),(61,'بنطلون بيزك ','1061',5,6,143,200,4,'','2019-11-05 14:14:14','null','null','null','null'),(62,'بنطلون بيزك ','1062',5,6,145,200,6,'','2019-11-05 14:20:20','null','null','null','null'),(63,'بنطلون جينز خام','1063',5,6,135,200,5,'','2019-11-05 14:22:58','null','null','null','null'),(64,'بنطلون بيكا زيتى ','1064',18,6,133,195,6,'','2019-11-05 14:30:32','null','null','null','null'),(65,'بنطلو بيكا فرانى ','1065',18,6,133,200,6,'','2019-11-05 14:31:19','null','null','null','null'),(66,'بنطلون بيكا ','1066',18,6,135,200,5,'','2019-11-05 14:35:07','null','null','null','null'),(67,'بنطلون جملى ','1067',18,6,145,200,3,'','2019-11-05 14:37:04','null','null','null','null'),(68,'شراول ميلتون شريط ','1068',9,12,120,165,12,'','2019-11-05 14:44:24','null','null','null','null'),(69,'شروال سوفت','1069',8,12,145,190,12,'','2019-11-05 14:48:42','null','null','null','null'),(70,'شروال سوفت شريط','1070',8,12,145,190,12,'','2019-11-05 15:13:47','null','null','null','null'),(71,'سوفت ساده','1071',7,12,140,185,2,'','2019-11-05 15:17:32','null','null','null','null'),(72,'محفظه ايد','1072',19,15,55,90,14,'','2019-11-05 17:41:14','null','null','null','null'),(73,'محفظه صغيره','1073',19,15,25,50,9,'','2019-11-06 11:08:42','null','null','null','null'),(74,'محفظه زرار','1074',19,15,40,65,5,'','2019-11-06 11:10:26','null','null','null','null'),(75,'حزام 4سم','1075',20,16,35,65,30,'','2019-11-06 11:18:42','null','null','null','null'),(76,'حزام 4سم حرف','1076',20,16,38,65,12,'','2019-11-06 11:21:01','null','null','null','null'),(77,'حزام 2.5','1077',20,16,28,50,12,'','2019-11-06 11:21:37','null','null','null','null'),(78,'حزام 4سم','1078',20,16,35,60,13,'','2019-11-06 11:23:53','null','null','null','null'),(79,'بنطلون كتان اسوره','1079',5,17,165,230,8,'','2019-11-06 13:33:56','null','null','null','null'),(80,'سوى حوض','1080',1,17,190,260,4,'','2019-11-06 13:34:54','null','null','null','null'),(81,'سوى شنطه','1081',2,10,275,350,3,'','2019-11-06 13:52:49','null','null','null','null'),(82,'جاكت NYC','1082',3,10,340,420,8,'','2019-11-06 14:03:16','null','null','null','null'),(83,'جمبر مستورد ','1083',2,10,340,415,8,'','2019-11-07 12:10:06','null','null','null','null'),(84,'بنطلون بوى فرند','1084',5,8,155,230,10,'','2019-11-07 12:21:48','null','null','null','null'),(85,'سوى هواى ','1085',2,8,230,330,4,'','2019-11-07 12:43:55','null','null','null','null'),(86,'جاكت جاكر','1086',3,18,245,340,4,'','2019-11-07 17:45:41','null','null','null','null'),(87,'محفظه يد','1087',19,15,55,90,13,'','2019-11-09 14:42:03','null','null','null','null'),(88,'بضى كم','1088',15,19,60,100,12,'','2019-11-10 10:53:48','null','null','null','null'),(89,'كلسون رجالى','1089',24,19,60,85,6,'','2019-11-10 11:11:40','null','null','null','null'),(90,'شراب نص','1090',22,20,5,10,24,'','2019-11-10 11:29:23','null','null','null','null'),(91,'بوكسر','1091',21,20,13.5,25,72,'','2019-11-10 11:31:38','null','null','null','null'),(92,'بوكلت حوض','1092',13,21,135,210,21,'','2019-11-10 12:17:31','null','null','null','null'),(93,'شروال بيكا سوفت','1093',7,12,145,190,8,'','2019-11-16 13:11:18','null','null','null','null'),(94,'شراب انكل','1094',22,19,12.5,15,24,'','2019-11-18 16:32:24','null','null','null','null'),(95,'شراب ','1095',22,19,7.5,15,36,'','2019-11-18 17:01:45','null','null','null','null'),(96,'شراب ','1096',22,19,6.5,10,24,'','2019-11-18 17:04:55','null','null','null','null'),(97,'شراب','1097',22,19,5,10,60,'','2019-11-18 17:36:05','null','null','null','null'),(98,'بدى ','1098',15,23,55,85,5,'','2019-11-20 13:22:52','null','null','null','null'),(99,'جاكت سيلفر','1099',12,23,260,380,4,'','2019-11-20 13:24:48','null','null','null','null'),(100,'جاكت مبطن','1100',12,23,315,420,4,'','2019-11-20 13:25:37','null','null','null','null'),(101,'سوى دبل ','1101',1,10,250,325,12,'','2019-11-20 15:15:25','null','null','null','null'),(102,'سوى تىيشرت طبعه','1102',1,10,230,300,12,'','2019-11-20 15:17:34','null','null','null','null'),(103,'تيشيرت تريكو','1103',13,24,135,210,9,'','2019-11-20 19:06:41','null','null','null','null'),(104,'بنطلون جينز شروال','1104',5,25,165,230,8,'','2019-11-20 19:15:31','null','null','null','null'),(105,'جاكت جينز مخربش','1105',10,25,280,390,4,'','2019-11-20 19:16:54','null','null','null','null'),(106,'جاكت جلد TOWN TEAM','1106',23,1,575,750,6,'','2019-11-24 13:58:06','null','null','null','null'),(107,'سوي مستورد','1107',1,10,195,295,13,'','2019-11-24 14:38:30','null','null','null','null'),(108,'بنطبون جينز ساده','1108',5,6,143,210,8,'','2019-12-01 10:28:59','null','null','null','null'),(109,'بنطلون جينز مخربش','1109',4,6,145,210,8,'','2019-12-01 10:29:49','null','null','null','null'),(110,'بنطلون جينز ساده','1110',5,6,143,210,9,'','2019-12-01 10:43:22','null','null','null','null'),(111,'بنطلون جينز ساده','1111',5,6,143,210,8,'','2019-12-01 10:44:42','null','null','null','null'),(112,'بنطلون جينز مخربش','1112',4,6,145,210,8,'','2019-12-01 10:50:01','null','null','null','null'),(113,'بنطلون جينز مخربش','1113',4,6,145,220,8,'','2019-12-01 10:55:37','null','null','null','null'),(114,'بنطلون جينز ساده','1114',5,6,143,210,8,'','2019-12-01 10:59:45','null','null','null','null'),(115,'بوكلت كشمير بضى','1115',13,26,189,245,25,'','2019-12-01 13:04:02','null','null','null','null'),(116,'سوى تىشيرت','1116',14,17,190,300,4,'','2019-12-01 14:20:35','null','null','null','null'),(118,'تىشيرت حوض','1118',1,27,200,270,4,'','2019-12-02 15:30:26','null','null','null','null'),(119,'شروال سوفت','1119',7,27,135,190,5,'','2019-12-02 15:33:04','null','null','null','null'),(120,'شروال ميلتون','1120',9,27,125,160,12,'','2019-12-02 15:56:01','null','null','null','null'),(121,'جاكت وتر بروف ','1121',12,4,130,280,7,'','2019-12-03 20:36:13','null','null','null','null'),(122,'تيشيرت حوض','1122',1,10,200,280,12,'','2019-12-08 12:55:24','null','null','null','null'),(123,'جاكت جينز','1123',10,10,325,420,12,'','2019-12-08 13:04:43','null','null','null','null'),(124,'بضى كم','1124',15,11,50,85,12,'','2019-12-08 13:20:51','null','null','null','null'),(125,'سوى تيشيرت','1125',14,28,235,320,4,'','2019-12-08 13:22:58','null','null','null','null'),(127,'بنطلون خام ','1127',5,6,135,210,21,'','2019-12-11 13:10:33','null','null','null','null'),(128,'جاكت جينز','1128',10,6,265,390,12,'','2019-12-11 13:54:19','null','null','null','null'),(129,'بضى مستورد ','1129',15,29,80,115,12,'','2019-12-14 16:46:35','null','null','null','null'),(130,'سوى مقلم كرفت','1130',14,29,265,345,5,'','2019-12-14 17:00:49','null','null','null','null'),(131,'اندر شرت ','1131',1,29,150,210,10,'','2019-12-14 17:06:06','null','null','null','null'),(133,'اندر شرت مخطط ','1133',14,29,195,295,5,'','2019-12-14 17:55:13','null','null','null','null'),(134,'جاكت جبردين ','1134',12,4,370,440,11,'','2019-12-14 18:09:59','null','null','null','null'),(135,'جاكت بيكا  ','1135',12,23,315,395,4,'','2019-12-14 18:18:48','null','null','null','null'),(136,'شروال زيتى','1136',7,30,145,200,12,'','2019-12-18 20:00:59','null','null','null','null'),(137,'شروال سوفت','1137',7,30,135,190,3,'','2019-12-18 20:01:36','null','null','null','null'),(138,'بوكلت كشمير','1138',13,21,135,210,6,'','2019-12-18 20:29:26','null','null','null','null'),(139,'بوكلت كشمير','1139',13,31,130,185,12,'','2019-12-19 20:30:49','null','null','null','null'),(140,'شروال سوسته ','1140',9,14,130,160,4,'','2019-12-26 16:53:06','null','null','null','null'),(141,'سوى بوينت ','1141',14,28,230,299,8,'','2019-12-29 14:37:15','null','null','null','null'),(142,'سوى بيزك اوريجنال ','1142',14,28,205,290,4,'','2019-12-29 14:40:58','null','null','null','null'),(143,'سوى بيزك اوريجنال','1143',14,28,190,290,4,'','2019-12-29 15:54:12','null','null','null','null'),(144,'جاكت وتر بروف ','1144',12,23,270,390,7,'','2019-12-29 16:34:24','null','null','null','null'),(145,'شروال ميلتون ','1145',9,27,125,165,8,'','2019-12-29 17:53:48','null','null','null','null'),(146,'شروال بيكا ','1146',9,27,130,170,10,'','2019-12-29 18:06:03','null','null','null','null'),(147,'بنطلون بوى فرند ','1147',5,5,165,230,10,'','2019-12-29 19:04:41','null','null','null','null'),(148,'بنطلون بوى فرند ','1148',5,5,165,230,10,'','2019-12-29 19:06:13','null','null','null','null'),(149,'شروال جينز','1149',5,5,195,250,9,'','2019-12-29 19:41:51','null','null','null','null'),(150,'شروال جينز','1150',5,5,195,250,9,'','2019-12-29 19:49:51','null','null','null','null'),(151,'بضى كوبا','1151',15,1,60,100,4,'','2020-01-04 11:12:01','null','null','null','null'),(152,'بضى بولو','1152',15,12,45,70,11,'','2020-01-04 11:34:04','null','null','null','null'),(153,'جاكت وتر برةف ','1153',12,23,270,399,4,'','2020-01-04 18:02:40','null','null','null','null'),(154,'جاكت جلد ','1154',23,32,420,680,4,'','2020-01-04 18:05:33','null','null','null','null'),(155,'جاكت جبردين ','1155',12,32,325,450,12,'','2020-01-04 18:06:37','null','null','null','null'),(156,'بنطلون جبردين ','1156',25,6,135,210,9,'','2020-01-11 17:13:07','null','null','null','null'),(157,'بنطلون جبردين ','1157',25,6,135,210,10,'','2020-01-11 17:18:04','null','null','null','null'),(158,'شروال جبردين بيكا','1158',25,6,135,230,8,'','2020-01-11 17:22:17','null','null','null','null'),(159,'بنطلون خام ','1159',5,6,143,215,8,'','2020-01-11 17:52:21','null','null','null','null'),(160,'بنطلون خام تقطيع ','1160',4,6,145,215,9,'','2020-01-11 17:56:42','null','null','null','null'),(161,'بنطلون اروبى 2001','1161',4,33,170,280,8,'','2020-01-13 13:01:02','null','null','null','null'),(162,'بنطلون اروبى 20013','1162',6,33,170,280,8,'','2020-01-13 13:02:10','null','null','null','null'),(163,'بنطلون turkiye','1163',5,33,170,235,11,'','2020-01-13 13:03:26','null','null','null','null'),(164,'zzz','1166',10,9,110,1000,10,'	szx','2020-02-21 14:43:55','null','null','null','0000zxxzx'),(165,'بيتزا مارجريتا','1167',26,34,5,50,50,'ببببب','2020-02-21 18:44:48','null','null','null','صغير'),(166,'بيتزا مارجريتا','1168',26,34,5,50,50,'ببببب','2020-02-21 18:45:01','null','null','null','وسط'),(167,'بيتزا مارجريتا','1169',26,34,5,50,50,'ببببب','2020-02-21 18:45:14','null','null','null','كبير');
/*!40000 ALTER TABLE `additemtemp` ENABLE KEYS */;
UNLOCK TABLES;

--
-- Table structure for table `category`
--

DROP TABLE IF EXISTS `category`;
SET @saved_cs_client     = @@character_set_client;
SET character_set_client = utf8;
CREATE TABLE `category` (
  `id` int(10) unsigned NOT NULL auto_increment,
  `name` varchar(100) NOT NULL default '',
  PRIMARY KEY  (`id`)
) ENGINE=InnoDB AUTO_INCREMENT=27 DEFAULT CHARSET=utf8;
SET character_set_client = @saved_cs_client;

--
-- Dumping data for table `category`
--

LOCK TABLES `category` WRITE;
/*!40000 ALTER TABLE `category` DISABLE KEYS */;
INSERT INTO `category` VALUES (1,'سوى حوض'),(2,'سوى سوسته '),(3,'جاكت مشجر'),(4,'بنطلون جينز مخربش'),(5,'بنطلون جينز بيزك'),(6,'بنطلون جينز مقطع'),(7,'شروال سوفت '),(8,'شروال سوفت شريط'),(9,'شروال ملتون '),(10,'جاكت جينز'),(11,'جاكت بامب'),(12,'جاكت ساده '),(13,'تريكو'),(14,'سوى ظونط'),(15,'بضى كم'),(16,'قميص'),(17,'تيشيرت ليقه'),(18,'بنطلون بيكا '),(19,'محفضه'),(20,'حزام'),(21,'بوكسر'),(22,'شراب '),(23,'جاكت جلد'),(24,'كلسون'),(25,'بنطلون جبردين '),(26,'بيتزا');
/*!40000 ALTER TABLE `category` ENABLE KEYS */;
UNLOCK TABLES;

--
-- Table structure for table `client_history`
--

DROP TABLE IF EXISTS `client_history`;
SET @saved_cs_client     = @@character_set_client;
SET character_set_client = utf8;
CREATE TABLE `client_history` (
  `id` int(10) unsigned NOT NULL auto_increment,
  `customer_id` int(10) unsigned NOT NULL,
  `invoice_id` int(10) unsigned NOT NULL,
  `paid` double NOT NULL,
  `remainder` double NOT NULL,
  `date` datetime NOT NULL,
  `notes` varchar(45) NOT NULL,
  PRIMARY KEY  (`id`),
  KEY `FK_client_history_1` (`customer_id`),
  KEY `FK_client_history_2` (`invoice_id`),
  CONSTRAINT `FK_client_history_1` FOREIGN KEY (`customer_id`) REFERENCES `customer` (`id`) ON DELETE CASCADE ON UPDATE CASCADE,
  CONSTRAINT `FK_client_history_2` FOREIGN KEY (`invoice_id`) REFERENCES `invoice` (`id`) ON DELETE CASCADE ON UPDATE CASCADE
) ENGINE=InnoDB AUTO_INCREMENT=5 DEFAULT CHARSET=utf8;
SET character_set_client = @saved_cs_client;

--
-- Dumping data for table `client_history`
--

LOCK TABLES `client_history` WRITE;
/*!40000 ALTER TABLE `client_history` DISABLE KEYS */;
INSERT INTO `client_history` VALUES (1,1,13,700,330,'2019-11-06 22:06:47','null'),(2,2,15,0,380,'2019-11-06 22:52:35','null'),(3,2,57,0,595,'2019-11-10 16:38:37','null'),(4,1,13,330,330,'2020-01-07 00:00:00','تم الدفه');
/*!40000 ALTER TABLE `client_history` ENABLE KEYS */;
UNLOCK TABLES;

--
-- Table structure for table `company`
--

DROP TABLE IF EXISTS `company`;
SET @saved_cs_client     = @@character_set_client;
SET character_set_client = utf8;
CREATE TABLE `company` (
  `id` int(10) unsigned NOT NULL auto_increment,
  `name` varchar(45) NOT NULL,
  `phone` varchar(45) NOT NULL,
  `fax` varchar(80) NOT NULL,
  `mail` varchar(80) NOT NULL,
  `address` varchar(250) NOT NULL,
  `notes` varchar(300) NOT NULL,
  PRIMARY KEY  (`id`)
) ENGINE=InnoDB AUTO_INCREMENT=35 DEFAULT CHARSET=utf8;
SET character_set_client = @saved_cs_client;

--
-- Dumping data for table `company`
--

LOCK TABLES `company` WRITE;
/*!40000 ALTER TABLE `company` DISABLE KEYS */;
INSERT INTO `company` VALUES (1,'كوبا ','01000066710','','','رامو مدينه نصر ',''),(2,'craft','01060223355','','','النادى الاهلى مدينه نصر ',''),(3,'cr7','01144222205','','','9 عمارات رامو ',''),(4,'core','01113691451','','','المهندسين 3عماير البترول ',''),(5,'denhem','','','','',''),(6,'سيرفر محمود المصرى ','','','','',''),(7,'poker','01101278222','','','اجا ',''),(8,'store','','','','المهندسين شارع احمد عرابى',''),(9,'NEXT','01094419300','','','فيصل قسم تانى بجوار مسجد عاصم',''),(10,'NYC','','','','رامو',''),(11,'بلانكو','0111611400','','','العتبه',''),(12,'هانى بولو','','','','',''),(13,'كوستا','','','','',''),(14,'SOLD','','','','',''),(15,'محفضه','القاهره','','','',''),(16,'حزام','','','','القاهره',''),(17,'sunbirds','01100307490','','','رامو',''),(18,'perdic','','','','دمياط',''),(19,'تشيلسى سبورت','01093301775','','','القنطره',''),(20,'حماصه','01221448019','','','القنطره',''),(21,'VOIKA','01289991440','','','القنطره',''),(22,'يوسف ','01093301775','','','القنطره',''),(23,'maglc store','01151608057','','','رامو',''),(24,'العجايبى','01200043864','','','القنطره',''),(25,'صلصله','','','','القنطره',''),(26,'NINE','01099977452','','','رامو',''),(27,'view','01001199117','','','رامو',''),(28,'بوينت زيرو','01123400377','','','العتبه',''),(29,'saw','01110688181','','','رامو بجوار cr7',''),(30,'السيد بدارن','01126290906','','','القنطره',''),(31,'احمد شريف','','','','القاهره',''),(32,'SPECTOR','01000289227','','','رامو ',''),(33,'turkiye','01142468784','','','عماير البترول عماره 8',''),(34,'','','','','','');
/*!40000 ALTER TABLE `company` ENABLE KEYS */;
UNLOCK TABLES;

--
-- Table structure for table `customer`
--

DROP TABLE IF EXISTS `customer`;
SET @saved_cs_client     = @@character_set_client;
SET character_set_client = utf8;
CREATE TABLE `customer` (
  `id` int(10) unsigned NOT NULL auto_increment,
  `name` varchar(100) NOT NULL,
  `phone` varchar(80) NOT NULL,
  `address` text NOT NULL,
  `notes` text NOT NULL,
  PRIMARY KEY  (`id`)
) ENGINE=InnoDB AUTO_INCREMENT=6 DEFAULT CHARSET=utf8;
SET character_set_client = @saved_cs_client;

--
-- Dumping data for table `customer`
--

LOCK TABLES `customer` WRITE;
/*!40000 ALTER TABLE `customer` DISABLE KEYS */;
INSERT INTO `customer` VALUES (1,'اسلام عصام ','01090193090','',''),(2,'ahmed karam','01020241424','itay','no'),(3,'بسكوته ','01017397146','نتهت',''),(4,'test','010','',''),(5,'hhhh','001','fgffg','');
/*!40000 ALTER TABLE `customer` ENABLE KEYS */;
UNLOCK TABLES;

--
-- Table structure for table `employees`
--

DROP TABLE IF EXISTS `employees`;
SET @saved_cs_client     = @@character_set_client;
SET character_set_client = utf8;
CREATE TABLE `employees` (
  `emp_id` int(10) unsigned NOT NULL auto_increment,
  `emp_name` varchar(100) NOT NULL,
  `emp_phone` varchar(50) NOT NULL,
  `emp_email` varchar(60) NOT NULL,
  `emp_ssid` varchar(50) NOT NULL,
  `emp_age` varchar(3) NOT NULL,
  `emp_dob` date NOT NULL,
  `emp_certification` varchar(80) NOT NULL,
  `emp_soj` date NOT NULL default '2030-01-01',
  `emp_eoj` date NOT NULL default '2030-01-01',
  `emp_salary` double NOT NULL,
  `emp_address` text NOT NULL,
  `emp_notes` text NOT NULL,
  `emp_username` varchar(80) NOT NULL,
  `emp_password` varchar(80) NOT NULL,
  `emp_bills` varchar(45) NOT NULL default '0',
  PRIMARY KEY  (`emp_id`),
  UNIQUE KEY `Index_2` (`emp_username`)
) ENGINE=InnoDB AUTO_INCREMENT=4 DEFAULT CHARSET=utf8;
SET character_set_client = @saved_cs_client;

--
-- Dumping data for table `employees`
--

LOCK TABLES `employees` WRITE;
/*!40000 ALTER TABLE `employees` DISABLE KEYS */;
INSERT INTO `employees` VALUES (1,'ahmed','2315','asdas','25241313','521','2019-02-02','sadsad','2019-02-02','2019-01-01',23354,'asdsad','asdsad','a','a','84'),(2,'ESLAM','01002632422','','10478533','28','1991-01-28','','2019-04-10','2020-05-09',565,'HHF','','ESLAM','ES','null'),(3,'alaa','01009908183','jhuj','323','35','1991-04-28','وكيل نيابه ','2019-04-14','2030-01-01',750,'ش فراولو','','alaa','a','null');
/*!40000 ALTER TABLE `employees` ENABLE KEYS */;
UNLOCK TABLES;

--
-- Table structure for table `inmoney`
--

DROP TABLE IF EXISTS `inmoney`;
SET @saved_cs_client     = @@character_set_client;
SET character_set_client = utf8;
CREATE TABLE `inmoney` (
  `id` int(10) unsigned NOT NULL auto_increment,
  `price` double NOT NULL,
  `details` text NOT NULL,
  `in_date` datetime default NULL,
  PRIMARY KEY  (`id`)
) ENGINE=InnoDB DEFAULT CHARSET=utf8;
SET character_set_client = @saved_cs_client;

--
-- Dumping data for table `inmoney`
--

LOCK TABLES `inmoney` WRITE;
/*!40000 ALTER TABLE `inmoney` DISABLE KEYS */;
/*!40000 ALTER TABLE `inmoney` ENABLE KEYS */;
UNLOCK TABLES;

--
-- Table structure for table `invoice`
--

DROP TABLE IF EXISTS `invoice`;
SET @saved_cs_client     = @@character_set_client;
SET character_set_client = utf8;
CREATE TABLE `invoice` (
  `id` int(10) unsigned NOT NULL auto_increment,
  `grandTotal` double NOT NULL,
  `discout` double NOT NULL,
  `totalAfterDiscount` double NOT NULL,
  `date` datetime NOT NULL default '0000-00-00 00:00:00',
  `customer_name` varchar(45) NOT NULL,
  `paid` double NOT NULL,
  `remainder` double NOT NULL,
  PRIMARY KEY  (`id`)
) ENGINE=InnoDB AUTO_INCREMENT=596 DEFAULT CHARSET=utf8;
SET character_set_client = @saved_cs_client;

--
-- Dumping data for table `invoice`
--

LOCK TABLES `invoice` WRITE;
/*!40000 ALTER TABLE `invoice` DISABLE KEYS */;
INSERT INTO `invoice` VALUES (1,680,0,580,'2019-11-05 15:41:25','null',580,0),(3,50,10,40,'2019-11-06 11:49:53','null',40,0),(4,200,10,190,'2019-11-06 13:03:06','null',190,0),(5,290,20,170,'2019-11-06 17:04:20','null',170,0),(6,350,20,330,'2019-11-06 17:21:33','null',330,0),(7,185,0,185,'2019-11-06 18:34:44','null',185,0),(8,395,5,390,'2019-11-06 19:46:40','null',390,0),(10,665,0,640,'2019-11-06 20:21:30','اسلام عصام ',700,320),(11,400,0,380,'2019-11-06 20:49:38','اسلام عصام ',700,320),(12,670,0,650,'2019-11-06 20:56:12','اسلام عصام ',700,320),(13,1060,30,1030,'2019-11-06 22:06:47','اسلام عصام ',1030,0),(14,210,10,200,'2019-11-06 22:35:53','null',200,0),(15,395,15,380,'2019-11-06 22:52:35','ahmed karam',380,380),(16,810,30,780,'2019-11-07 11:32:19','null',780,0),(17,520,35,485,'2019-11-07 14:55:27','null',485,0),(18,230,0,200,'2019-11-07 15:12:16','null',200,0),(19,395,0,395,'2019-11-07 15:36:57','null',395,0),(20,450,0,450,'2019-11-07 15:47:15','null',450,0),(21,760,30,730,'2019-11-07 15:59:39','null',730,0),(23,210,10,200,'2019-11-07 16:23:36','null',200,0),(24,395,15,380,'2019-11-07 17:49:17','null',380,0),(26,450,25,425,'2019-11-07 20:13:56','null',425,0),(27,450,25,425,'2019-11-07 20:32:19','null',425,0),(28,185,15,170,'2019-11-07 22:40:57','null',170,0),(29,65,5,60,'2019-11-07 23:06:51','null',60,0),(30,1150,25,1125,'2019-11-08 16:54:22','null',1125,0),(31,230,10,220,'2019-11-08 17:29:05','null',220,0),(32,365,5,360,'2019-11-08 20:35:03','null',360,0),(33,170,0,170,'2019-11-09 12:31:31','null',170,0),(35,390,20,370,'2019-11-09 13:32:51','null',590,0),(36,290,0,290,'2019-11-09 13:41:46','null',290,0),(37,480,20,460,'2019-11-09 13:44:56','null',460,0),(38,245,0,245,'2019-11-09 14:36:01','null',245,0),(39,375,15,360,'2019-11-09 16:15:29','null',550,0),(40,500,20,480,'2019-11-09 17:04:33','null',480,0),(41,830,35,795,'2019-11-09 17:08:14','null',1220,0),(42,320,15,305,'2019-11-09 18:31:32','null',305,0),(43,365,15,350,'2019-11-09 19:17:52','null',0,350),(44,200,0,200,'2019-11-09 19:41:58','null',200,0),(45,865,65,800,'2019-11-09 20:55:11','null',800,0),(46,200,0,200,'2019-11-09 21:21:52','null',200,0),(47,90,0,90,'2019-11-09 21:41:22','null',90,0),(48,710,60,650,'2019-11-09 22:41:13','null',650,0),(49,260,10,250,'2019-11-09 23:09:18','null',250,0),(50,320,20,300,'2019-11-09 23:32:21','null',300,0),(51,50,0,50,'2019-11-10 12:38:32','null',50,0),(52,200,0,200,'2019-11-10 12:39:55','null',200,0),(53,560,30,530,'2019-11-10 13:17:20','null',530,0),(54,210,10,200,'2019-11-10 13:34:22','null',200,0),(55,250,25,225,'2019-11-10 13:46:19','null',225,0),(57,770,175,595,'2019-11-10 16:38:37','ahmed karam',0,595),(59,1630,80,1550,'2019-11-10 19:36:57','null',1550,0),(60,210,20,190,'2019-11-10 20:29:40','null',0,380),(61,210,20,190,'2019-11-10 20:33:04','null',380,0),(62,630,40,590,'2019-11-10 21:44:17','null',590,0),(63,610,60,550,'2019-11-10 22:39:17','null',1230,0),(64,460,30,430,'2019-11-10 23:07:19','null',430,0),(65,395,15,380,'2019-11-10 23:10:53','null',380,0),(66,290,60,230,'2019-11-10 23:38:59','null',230,0),(67,200,20,180,'2019-11-11 15:01:08','null',180,0),(70,50,0,50,'2019-11-11 15:11:04','null',50,0),(71,185,0,185,'2019-11-11 15:24:35','null',185,0),(72,420,20,400,'2019-11-11 16:52:20','null',400,0),(73,520,40,480,'2019-11-11 19:21:38','null',480,0),(74,420,20,400,'2019-11-11 21:03:09','null',400,0),(75,395,15,380,'2019-11-11 22:58:56','null',380,0),(76,440,25,415,'2019-11-12 14:44:45','null',415,0),(78,200,0,200,'2019-11-12 15:57:58','null',190,10),(79,390,40,350,'2019-11-12 17:54:36','null',350,0),(80,390,30,360,'2019-11-12 19:42:10','null',360,0),(81,90,0,90,'2019-11-12 20:12:54','null',90,0),(82,330,10,320,'2019-11-12 20:35:55','null',320,0),(83,320,20,300,'2019-11-12 21:48:02','null',300,0),(84,50,0,50,'2019-11-12 21:50:44','null',50,0),(85,420,20,400,'2019-11-12 22:35:07','null',400,0),(86,760,50,710,'2019-11-13 14:20:23','null',710,0),(87,270,0,270,'2019-11-13 17:59:48','null',270,0),(88,750,50,700,'2019-11-13 18:07:47','null',700,0),(89,180,0,180,'2019-11-13 21:34:32','null',180,0),(90,350,30,320,'2019-11-13 21:36:59','null',320,0),(92,980,80,900,'2019-11-14 12:49:25','null',900,0),(93,975,55,920,'2019-11-14 14:02:11','null',920,0),(94,210,10,200,'2019-11-14 14:41:53','null',200,0),(95,385,15,370,'2019-11-14 15:46:55','null',370,0),(96,395,45,350,'2019-11-14 16:16:44','null',350,0),(97,595,5,590,'2019-11-14 16:27:13','null',590,0),(98,320,20,300,'2019-11-14 20:12:29','null',300,0),(99,520,30,490,'2019-11-14 20:48:26','null',0,490),(100,290,5,285,'2019-11-14 21:06:06','null',285,0),(101,530,30,500,'2019-11-14 21:32:56','null',500,0),(102,410,10,400,'2019-11-14 23:20:22','null',400,0),(105,390,40,350,'2019-11-16 12:44:48','null',350,0),(106,230,0,230,'2019-11-16 13:03:06','null',230,0),(107,65,5,60,'2019-11-16 13:04:16','null',60,0),(108,190,0,190,'2019-11-16 13:11:44','null',190,0),(109,290,10,280,'2019-11-16 14:30:21','null',280,0),(110,190,20,170,'2019-11-16 15:34:37','null',170,0),(111,390,10,380,'2019-11-16 15:53:50','null',380,0),(112,210,10,200,'2019-11-16 15:55:39','null',200,0),(113,600,0,600,'2019-11-16 16:05:36','null',600,0),(114,435,10,425,'2019-11-16 17:05:29','null',0,425),(115,440,20,420,'2019-11-16 17:38:54','null',630,0),(116,670,40,630,'2019-11-16 18:43:16','null',630,0),(117,585,70,515,'2019-11-16 19:35:46','null',515,0),(118,210,10,200,'2019-11-16 19:46:04','null',200,0),(119,400,20,380,'2019-11-16 20:04:06','null',380,0),(120,230,0,230,'2019-11-16 21:04:44','null',230,0),(121,390,20,370,'2019-11-16 21:50:51','null',540,0),(122,170,10,160,'2019-11-16 21:59:20','null',0,160),(123,115,5,110,'2019-11-16 22:18:21','null',110,0),(124,365,45,320,'2019-11-16 22:25:44','null',320,0),(125,135,5,130,'2019-11-17 11:21:11','null',130,0),(126,1100,75,1025,'2019-11-17 13:19:41','null',1200,0),(127,1640,40,1600,'2019-11-17 14:13:11','null',1600,0),(128,360,30,330,'2019-11-17 17:04:08','null',330,0),(129,415,25,390,'2019-11-17 17:21:23','null',390,0),(131,525,5,520,'2019-11-17 19:24:16','null',520,0),(132,590,0,590,'2019-11-17 21:11:06','null',590,0),(134,670,70,600,'2019-11-17 21:38:04','null',600,0),(135,185,5,180,'2019-11-17 22:18:37','null',180,0),(136,210,10,200,'2019-11-17 22:19:19','null',200,0),(138,370,20,350,'2019-11-18 11:42:44','null',350,0),(139,700,70,630,'2019-11-18 15:27:36','null',630,0),(140,290,10,280,'2019-11-18 16:36:45','null',280,0),(141,190,0,190,'2019-11-18 18:11:48','null',190,0),(142,230,20,210,'2019-11-18 18:55:28','null',210,0),(143,335,5,330,'2019-11-18 19:43:12','null',330,0),(144,50,10,40,'2019-11-18 19:48:33','null',40,0),(145,210,10,200,'2019-11-18 20:01:50','null',420,0),(146,190,5,185,'2019-11-18 20:31:24','null',185,0),(147,230,0,230,'2019-11-18 20:46:05','null',230,0),(148,225,25,200,'2019-11-18 21:09:44','null',200,0),(149,190,10,180,'2019-11-18 22:19:56','null',540,0),(150,395,15,380,'2019-11-19 19:05:17','null',380,0),(151,760,20,740,'2019-11-19 21:32:25','null',740,0),(152,420,40,380,'2019-11-20 14:15:21','null',380,0),(153,960,30,930,'2019-11-20 14:20:30','null',930,0),(154,210,50,160,'2019-11-20 15:18:12','null',160,0),(155,500,0,500,'2019-11-20 20:36:51','null',500,0),(156,520,40,480,'2019-11-20 22:05:51','null',480,0),(157,420,20,400,'2019-11-20 22:09:52','null',400,0),(158,420,10,410,'2019-11-21 12:00:33','null',0,410),(159,420,10,410,'2019-11-21 12:44:58','null',410,0),(160,100,20,80,'2019-11-21 14:07:21','null',80,0),(161,905,45,860,'2019-11-21 15:39:55','null',860,0),(162,365,45,320,'2019-11-21 16:02:57','null',320,0),(163,665,15,650,'2019-11-21 16:14:51','null',650,0),(165,420,20,400,'2019-11-21 16:35:59','null',400,0),(166,390,40,350,'2019-11-21 16:38:48','null',350,0),(167,420,30,390,'2019-11-21 17:42:55','null',390,0),(168,565,30,535,'2019-11-21 18:56:55','null',535,0),(169,600,0,600,'2019-11-21 19:15:05','null',600,0),(170,490,0,490,'2019-11-21 20:06:28','null',700,0),(171,65,0,65,'2019-11-21 21:24:02','null',65,0),(172,410,10,400,'2019-11-21 21:42:35','null',400,0),(173,560,60,500,'2019-11-21 22:20:56','null',500,0),(174,210,10,200,'2019-11-23 12:33:35','null',200,0),(175,200,10,190,'2019-11-23 12:43:02','null',190,0),(176,65,5,60,'2019-11-23 12:46:14','null',60,0),(177,395,15,380,'2019-11-23 16:28:47','null',920,0),(178,390,0,390,'2019-11-23 17:41:59','null',390,0),(179,510,40,470,'2019-11-23 17:53:17','null',470,0),(180,515,35,480,'2019-11-23 19:10:23','null',480,0),(181,190,20,170,'2019-11-23 22:32:59','null',340,0),(182,680,20,660,'2019-11-23 23:08:02','null',660,0),(183,530,65,465,'2019-11-24 13:38:57','null',465,0),(184,300,10,290,'2019-11-24 16:17:33','null',290,0),(185,210,10,200,'2019-11-24 20:33:44','null',200,0),(186,230,30,200,'2019-11-24 21:53:41','null',200,0),(187,165,5,160,'2019-11-25 13:06:16','null',160,0),(188,670,70,600,'2019-11-25 17:44:11','null',600,0),(189,230,10,220,'2019-11-25 17:44:47','null',220,0),(190,210,10,200,'2019-11-25 20:33:57','null',200,0),(191,300,0,300,'2019-11-25 21:13:54','null',300,0),(192,790,40,750,'2019-11-25 21:42:20','null',750,0),(193,480,20,460,'2019-11-26 12:36:10','null',460,0),(194,330,30,300,'2019-11-26 15:30:37','null',300,0),(195,210,10,200,'2019-11-26 19:28:22','null',200,0),(196,610,40,570,'2019-11-26 20:27:45','null',570,0),(197,300,10,290,'2019-11-26 20:56:30','null',290,0),(198,90,0,90,'2019-11-26 21:26:42','null',90,0),(199,320,30,290,'2019-11-26 21:46:04','null',290,0),(200,200,0,200,'2019-11-26 22:23:36','null',200,0),(201,765,25,740,'2019-11-27 10:59:27','null',740,0),(202,540,60,480,'2019-11-27 14:41:48','null',480,0),(203,170,20,150,'2019-11-27 16:09:34','null',150,0),(204,300,10,290,'2019-11-27 16:37:24','null',290,0),(205,380,30,350,'2019-11-27 17:05:26','null',350,0),(206,230,0,230,'2019-11-27 18:00:30','null',230,0),(207,230,10,220,'2019-11-27 18:01:05','null',220,0),(208,490,10,480,'2019-11-27 19:33:37','null',480,0),(209,530,20,510,'2019-11-28 13:57:44','null',510,0),(210,750,70,680,'2019-11-28 14:15:26','null',0,680),(211,585,65,520,'2019-11-28 14:39:01','null',520,0),(212,295,55,240,'2019-11-28 14:50:01','null',240,0),(213,400,0,400,'2019-11-28 16:02:36','null',400,0),(214,395,15,380,'2019-11-28 16:03:17','null',380,0),(215,420,30,390,'2019-11-28 16:03:30','null',390,0),(216,680,50,630,'2019-11-28 16:14:18','null',630,0),(217,415,55,360,'2019-11-28 16:18:57','null',360,0),(218,230,0,230,'2019-11-28 16:59:06','null',230,0),(219,735,5,730,'2019-11-28 17:16:55','null',730,0),(220,15,0,15,'2019-11-28 18:52:23','null',15,0),(221,430,10,420,'2019-11-28 19:56:26','null',420,0),(222,230,0,230,'2019-11-28 20:57:58','null',230,0),(223,230,0,230,'2019-11-28 21:08:56','null',230,0),(224,320,10,310,'2019-11-28 21:30:30','null',310,0),(225,210,10,200,'2019-11-28 21:41:31','null',200,0),(226,210,10,200,'2019-11-30 10:17:57','null',200,0),(227,200,0,200,'2019-11-30 10:18:19','null',200,0),(228,230,30,200,'2019-11-30 11:10:38','null',200,0),(229,90,0,90,'2019-11-30 13:45:10','null',90,0),(230,820,20,800,'2019-11-30 16:20:24','null',800,0),(231,420,20,400,'2019-11-30 16:53:47','null',400,0),(232,90,0,90,'2019-11-30 17:09:42','null',90,0),(233,480,20,460,'2019-11-30 17:16:54','null',0,460),(234,30,5,25,'2019-11-30 17:20:10','null',25,0),(235,1265,70,1195,'2019-11-30 18:06:47','null',1195,0),(236,65,5,60,'2019-11-30 19:36:16','null',60,0),(237,250,0,250,'2019-11-30 20:46:50','null',250,0),(238,180,10,170,'2019-11-30 20:56:49','null',170,0),(239,420,20,400,'2019-11-30 22:05:57','null',400,0),(240,1250,50,1200,'2019-12-01 14:53:42','null',1200,0),(241,745,5,740,'2019-12-01 16:16:47','null',740,0),(242,330,30,300,'2019-12-01 17:11:29','null',300,0),(243,750,50,700,'2019-12-01 17:48:24','null',700,0),(244,450,0,450,'2019-12-01 17:52:56','null',450,0),(245,395,45,350,'2019-12-01 18:12:39','null',350,0),(247,245,15,230,'2019-12-01 21:33:12','null',230,0),(248,490,30,460,'2019-12-01 22:35:25','null',650,0),(250,200,0,200,'2019-12-02 12:49:02','null',200,0),(251,995,65,930,'2019-12-02 13:16:33','null',930,0),(252,230,0,230,'2019-12-02 14:27:37','null',230,0),(256,855,35,820,'2019-12-02 20:14:12','null',820,0),(257,295,25,270,'2019-12-02 20:23:08','null',270,0),(258,190,10,180,'2019-12-02 20:34:06','null',180,0),(259,210,20,190,'2019-12-02 21:31:36','null',190,0),(260,490,0,490,'2019-12-03 17:06:48','null',490,0),(261,350,0,350,'2019-12-03 17:41:01','null',350,0),(262,210,0,210,'2019-12-03 20:27:47','null',210,0),(263,100,0,100,'2019-12-03 20:55:12','null',360,0),(264,280,40,240,'2019-12-03 20:55:39','null',240,0),(265,645,15,630,'2019-12-03 20:59:32','null',630,0),(266,455,5,450,'2019-12-03 22:08:05','null',0,450),(267,1030,60,970,'2019-12-03 22:54:36','null',970,0),(268,340,40,300,'2019-12-04 11:01:11','null',300,0),(269,225,55,170,'2019-12-04 11:20:50','null',170,0),(270,380,20,360,'2019-12-04 16:21:15','null',360,0),(271,670,40,630,'2019-12-04 16:40:28','null',630,0),(272,135,5,130,'2019-12-04 16:45:35','null',130,0),(273,490,20,470,'2019-12-04 16:50:13','null',470,0),(274,220,0,220,'2019-12-04 19:09:39','null',220,0),(275,850,50,800,'2019-12-04 20:31:14','null',800,0),(276,300,20,280,'2019-12-04 21:48:08','null',280,0),(277,360,10,350,'2019-12-05 11:53:52','null',350,0),(279,295,15,280,'2019-12-05 13:46:20','null',280,0),(280,160,10,150,'2019-12-05 15:28:51','null',150,0),(281,1015,65,950,'2019-12-05 15:44:31','null',950,0),(282,190,0,190,'2019-12-05 15:54:44','null',340,0),(283,380,10,370,'2019-12-05 16:17:12','null',370,0),(284,200,0,200,'2019-12-05 16:44:59','null',200,0),(285,85,0,85,'2019-12-05 17:01:50','null',85,0),(286,370,20,350,'2019-12-05 19:24:15','null',350,0),(287,10,0,10,'2019-12-05 20:24:15','null',10,0),(288,705,25,680,'2019-12-05 20:51:16','null',680,0),(289,230,30,200,'2019-12-05 22:00:55','null',200,0),(290,230,10,220,'2019-12-06 16:12:05','null',220,0),(291,385,25,360,'2019-12-06 16:32:04','null',360,0),(292,245,25,220,'2019-12-06 17:26:51','null',220,0),(293,370,20,350,'2019-12-07 14:56:36','null',350,0),(295,230,30,200,'2019-12-07 17:51:42','null',200,0),(296,615,15,600,'2019-12-07 18:03:40','null',600,0),(297,1510,110,1400,'2019-12-07 19:31:34','null',1400,0),(298,245,15,230,'2019-12-07 19:36:34','null',230,0),(299,230,10,220,'2019-12-07 20:26:14','null',220,0),(300,395,15,380,'2019-12-07 20:29:29','null',380,0),(301,285,45,240,'2019-12-07 20:38:04','null',240,0),(302,65,5,60,'2019-12-08 11:23:30','null',60,0),(303,145,0,145,'2019-12-08 14:43:06','null',145,0),(305,395,10,385,'2019-12-08 15:57:31','null',385,0),(306,375,45,330,'2019-12-08 17:01:01','null',330,0),(307,400,10,390,'2019-12-08 18:57:49','null',390,0),(308,415,40,375,'2019-12-08 19:31:35','null',375,0),(309,495,25,470,'2019-12-08 20:29:31','null',470,0),(310,735,35,700,'2019-12-08 22:15:49','null',700,0),(311,470,20,450,'2019-12-09 14:19:43','null',450,0),(312,600,50,550,'2019-12-09 14:38:05','null',550,0),(313,320,30,290,'2019-12-09 15:35:02','null',290,0),(314,930,130,800,'2019-12-09 16:14:13','null',800,0),(315,420,10,410,'2019-12-09 16:55:34','null',410,0),(316,200,0,200,'2019-12-09 19:28:50','null',200,0),(317,395,15,380,'2019-12-09 19:35:31','null',380,0),(318,370,20,350,'2019-12-09 20:24:05','null',350,0),(319,230,0,230,'2019-12-09 21:45:56','null',230,0),(320,210,10,200,'2019-12-10 15:32:06','null',200,0),(321,1100,100,1000,'2019-12-10 16:43:47','null',1000,0),(322,400,30,370,'2019-12-10 22:40:35','null',370,0),(324,660,70,590,'2019-12-10 22:58:07','null',590,0),(325,390,10,380,'2019-12-11 14:11:55','null',380,0),(326,990,60,930,'2019-12-11 14:31:25','null',930,0),(327,1395,45,1350,'2019-12-11 16:31:26','null',1350,0),(328,505,5,500,'2019-12-11 16:44:34','null',500,0),(329,445,25,420,'2019-12-11 18:02:30','null',420,0),(330,245,15,230,'2019-12-11 18:29:29','null',230,0),(331,280,20,260,'2019-12-11 19:01:03','null',260,0),(332,280,10,270,'2019-12-11 20:52:19','null',270,0),(333,840,40,800,'2019-12-11 21:42:26','null',800,0),(334,390,20,370,'2019-12-11 22:39:39','null',370,0),(335,210,30,180,'2019-12-12 14:31:15','null',180,0),(336,190,20,170,'2019-12-12 15:53:16','null',170,0),(337,290,40,250,'2019-12-12 16:10:50','null',250,0),(338,290,10,280,'2019-12-12 16:53:58','null',280,0),(339,805,55,750,'2019-12-12 17:03:41','null',750,0),(340,210,10,200,'2019-12-12 19:56:53','null',200,0),(341,100,0,100,'2019-12-12 21:19:10','null',100,0),(342,440,0,440,'2019-12-14 14:46:47','null',440,0),(343,165,5,160,'2019-12-14 16:41:50','null',160,0),(344,230,20,210,'2019-12-14 18:22:47','null',210,0),(345,640,20,620,'2019-12-14 19:18:15','null',620,0),(346,565,50,515,'2019-12-14 19:39:29','null',515,0),(348,390,20,370,'2019-12-14 19:42:11','null',370,0),(349,390,10,380,'2019-12-14 19:46:16','null',380,0),(350,400,20,380,'2019-12-14 23:08:30','null',380,0),(351,595,75,520,'2019-12-15 12:40:01','null',520,0),(352,450,20,430,'2019-12-15 13:01:50','null',430,0),(353,390,20,370,'2019-12-15 13:09:29','null',370,0),(354,280,10,270,'2019-12-15 13:22:26','null',270,0),(355,835,35,800,'2019-12-15 14:28:35','null',800,0),(356,440,30,410,'2019-12-15 14:31:17','null',410,0),(357,435,85,350,'2019-12-15 21:53:55','null',350,0),(358,100,20,80,'2019-12-15 21:58:08','null',80,0),(359,200,10,190,'2019-12-15 22:58:00','null',190,0),(360,440,10,430,'2019-12-15 23:01:52','null',430,0),(361,200,25,175,'2019-12-16 13:09:52','null',175,0),(362,160,0,160,'2019-12-16 13:11:13','null',160,0),(363,295,25,270,'2019-12-16 14:15:54','null',270,0),(365,210,0,210,'2019-12-16 15:58:15','null',210,0),(366,370,20,350,'2019-12-16 22:33:57','null',350,0),(367,245,0,245,'2019-12-17 15:11:30','null',245,0),(368,1045,45,1000,'2019-12-17 15:35:48','null',1000,0),(369,290,20,270,'2019-12-17 15:42:44','null',270,0),(370,210,10,200,'2019-12-17 15:57:23','null',200,0),(371,25,5,20,'2019-12-17 16:16:29','null',20,0),(372,295,0,295,'2019-12-17 17:07:22','null',295,0),(373,210,10,200,'2019-12-17 17:42:03','null',200,0),(374,420,20,400,'2019-12-17 18:23:20','null',400,0),(375,750,50,700,'2019-12-17 18:26:59','null',700,0),(376,210,10,200,'2019-12-17 20:23:22','null',200,0),(377,410,10,400,'2019-12-17 21:30:04','null',400,0),(378,290,10,280,'2019-12-17 21:33:08','null',280,0),(379,485,25,460,'2019-12-17 21:51:27','null',460,0),(380,200,30,170,'2019-12-17 21:55:55','null',170,0),(381,395,25,370,'2019-12-18 10:50:51','null',670,0),(382,395,15,380,'2019-12-18 14:18:14','null',380,0),(383,440,20,420,'2019-12-18 16:05:47','null',420,0),(384,330,30,300,'2019-12-18 19:16:43','null',300,0),(385,430,30,400,'2019-12-18 19:30:18','null',400,0),(386,580,20,560,'2019-12-18 19:38:27','null',560,0),(387,65,10,55,'2019-12-19 13:00:38','null',360,0),(388,440,20,420,'2019-12-19 13:26:33','null',420,0),(389,200,0,200,'2019-12-19 14:45:10','null',200,0),(390,345,5,340,'2019-12-19 18:01:52','null',340,0),(391,240,20,220,'2019-12-19 19:44:35','null',220,0),(392,230,10,220,'2019-12-19 20:53:56','null',220,0),(393,230,5,225,'2019-12-19 21:25:28','null',225,0),(394,715,35,680,'2019-12-19 22:59:42','null',680,0),(395,230,15,215,'2019-12-19 23:10:30','null',215,0),(396,185,0,185,'2019-12-19 23:17:03','null',185,0),(397,185,15,170,'2019-12-21 13:28:22','null',170,0),(398,440,20,420,'2019-12-21 13:33:44','null',420,0),(399,210,20,190,'2019-12-21 13:56:39','null',190,0),(400,505,35,470,'2019-12-21 14:43:45','null',470,0),(401,505,25,480,'2019-12-21 15:30:41','null',480,0),(402,210,10,200,'2019-12-21 16:00:56','null',200,0),(403,455,60,395,'2019-12-21 22:13:07','null',395,0),(406,360,10,350,'2019-12-22 16:27:31','null',350,0),(407,605,45,560,'2019-12-22 18:23:55','null',560,0),(408,565,60,505,'2019-12-22 23:18:18','null',505,0),(409,500,50,450,'2019-12-22 23:18:47','null',450,0),(410,295,15,280,'2019-12-23 20:11:52','null',280,0),(411,185,0,185,'2019-12-23 20:28:26','null',185,0),(412,295,15,280,'2019-12-23 20:30:32','null',280,0),(413,390,10,380,'2019-12-23 21:05:02','null',380,0),(414,165,15,150,'2019-12-24 20:25:57','null',150,0),(415,200,20,180,'2019-12-24 20:28:30','null',180,0),(416,415,45,370,'2019-12-24 20:30:33','null',370,0),(417,920,50,870,'2019-12-24 21:17:44','null',870,0),(418,200,10,190,'2019-12-24 21:20:02','null',190,0),(419,30,0,30,'2019-12-25 10:35:17','null',30,0),(420,700,70,630,'2019-12-25 10:59:46','null',630,0),(421,210,10,200,'2019-12-25 12:42:44','null',200,0),(422,100,10,90,'2019-12-25 15:44:17','null',90,0),(423,200,10,190,'2019-12-25 21:42:01','null',190,0),(424,210,10,200,'2019-12-25 21:44:05','null',200,0),(425,295,5,290,'2019-12-25 21:44:39','null',290,0),(426,15,0,15,'2019-12-25 22:00:44','null',15,0),(427,370,20,350,'2019-12-26 12:39:51','null',350,0),(428,30,0,30,'2019-12-26 14:09:06','null',30,0),(429,210,10,200,'2019-12-26 15:38:09','null',200,0),(430,370,10,360,'2019-12-26 16:48:05','null',360,0),(431,160,10,150,'2019-12-26 16:53:55','null',150,0),(432,340,45,295,'2019-12-26 17:56:20','null',295,0),(434,630,30,600,'2019-12-28 12:51:51','null',600,0),(435,200,0,200,'2019-12-28 13:25:16','null',200,0),(436,330,40,290,'2019-12-28 13:39:05','null',290,0),(437,940,40,900,'2019-12-28 14:13:49','null',900,0),(438,1110,50,1060,'2019-12-28 15:34:43','null',1060,0),(439,735,35,700,'2019-12-28 16:04:53','null',700,0),(440,15,0,15,'2019-12-28 20:20:02','null',15,0),(441,390,40,350,'2019-12-28 22:02:36','null',350,0),(442,200,0,200,'2019-12-28 22:03:44','null',170,30),(443,670,90,580,'2019-12-29 13:21:50','null',580,0),(444,685,45,640,'2019-12-29 13:45:58','null',640,0),(445,190,10,180,'2019-12-29 14:04:24','null',180,0),(446,290,10,280,'2019-12-29 14:42:27','null',280,0),(448,685,55,630,'2019-12-29 16:58:03','null',630,0),(449,420,20,400,'2019-12-29 18:25:14','null',400,0),(450,410,10,400,'2019-12-29 19:01:18','null',400,0),(451,115,15,100,'2019-12-29 19:13:36','null',100,0),(452,1280,10,1270,'2019-12-29 20:58:55','null',1270,0),(453,870,165,705,'2019-12-29 21:07:12','null',850,0),(454,295,35,260,'2019-12-29 21:48:07','null',260,0),(455,689,19,670,'2019-12-29 22:37:41','null',670,0),(456,440,40,400,'2019-12-29 22:42:47','null',400,0),(457,65,5,60,'2019-12-29 22:45:11','null',60,0),(458,190,40,150,'2019-12-29 22:46:09','null',150,0),(459,465,40,425,'2019-12-30 13:43:57','null',425,0),(460,195,5,190,'2019-12-30 14:00:50','null',190,0),(461,670,20,650,'2019-12-30 14:42:52','null',650,0),(462,430,30,400,'2019-12-30 15:51:40','null',400,0),(463,300,20,280,'2019-12-30 16:00:25','null',280,0),(464,500,10,490,'2019-12-30 17:00:40','null',0,490),(465,685,40,645,'2019-12-30 17:57:13','null',645,0),(466,490,20,470,'2019-12-30 18:07:48','null',470,0),(467,190,20,170,'2019-12-31 11:17:01','null',170,0),(468,10,0,10,'2019-12-31 16:44:01','null',0,400),(469,725,5,720,'2019-12-31 17:22:53','null',720,0),(470,840,55,785,'2019-12-31 17:38:08','null',785,0),(471,544,44,500,'2019-12-31 21:34:52','null',500,0),(472,230,0,230,'2019-12-31 21:52:48','null',230,0),(473,550,150,400,'2019-12-31 22:28:17','null',400,0),(474,210,10,200,'2020-01-01 12:00:35','null',200,0),(475,320,30,290,'2020-01-01 20:28:24','null',290,0),(478,165,15,150,'2020-01-02 14:20:35','null',150,0),(479,895,205,690,'2020-01-02 15:54:03','null',690,0),(480,674,25,649,'2020-01-02 18:11:52','null',650,-1),(481,645,25,620,'2020-01-02 18:36:17','null',620,0),(482,605,35,570,'2020-01-02 19:51:02','null',570,0),(483,230,0,230,'2020-01-02 19:55:19','null',230,0),(484,625,70,555,'2020-01-02 20:04:02','null',555,0),(485,635,135,500,'2020-01-02 20:09:22','null',500,0),(486,430,30,400,'2020-01-04 11:46:21','null',780,0),(487,230,10,220,'2020-01-04 15:02:12','null',220,0),(488,280,0,280,'2020-01-04 16:15:11','null',280,0),(489,230,30,200,'2020-01-04 16:39:04','null',200,0),(490,790,65,725,'2020-01-04 17:31:34','null',725,0),(491,399,19,380,'2020-01-04 21:05:30','null',380,0),(492,375,75,300,'2020-01-04 21:09:27','null',450,0),(493,120,0,120,'2020-01-04 21:31:04','null',120,0),(494,290,0,290,'2020-01-05 15:25:58','null',290,0),(495,700,30,670,'2020-01-05 18:08:58','null',670,0),(496,210,10,200,'2020-01-05 19:08:32','null',200,0),(497,779,59,720,'2020-01-06 13:40:50','null',720,0),(498,280,30,250,'2020-01-06 14:29:50','null',250,0),(499,230,30,200,'2020-01-06 14:33:41','null',200,0),(500,680,130,550,'2020-01-06 16:03:13','null',550,0),(501,450,40,410,'2020-01-06 16:19:19','null',410,0),(502,10,0,10,'2020-01-06 16:21:23','null',10,0),(503,135,0,135,'2020-01-06 16:28:18','null',135,0),(504,210,20,190,'2020-01-06 18:04:44','null',190,0),(505,230,10,220,'2020-01-06 18:32:33','null',220,0),(506,230,10,220,'2020-01-06 21:21:48','null',220,0),(507,680,130,550,'2020-01-07 14:10:35','null',550,0),(508,210,10,200,'2020-01-07 15:00:31','null',390,0),(509,185,5,180,'2020-01-07 16:45:16','null',180,0),(510,535,55,480,'2020-01-07 17:48:00','null',480,0),(511,740,50,690,'2020-01-07 17:52:58','null',690,0),(512,450,50,400,'2020-01-07 18:11:24','null',620,0),(513,475,0,475,'2020-01-07 18:27:52','null',475,0),(514,480,10,470,'2020-01-07 22:33:05','null',470,0),(515,210,30,180,'2020-01-08 15:55:55','null',180,0),(516,450,25,425,'2020-01-08 16:35:29','null',425,0),(517,399,9,390,'2020-01-08 16:38:22','null',390,0),(518,165,15,150,'2020-01-08 20:42:48','null',150,0),(519,170,0,170,'2020-01-08 21:47:18','null',170,0),(520,450,50,400,'2020-01-09 16:21:52','null',400,0),(521,1339,139,1200,'2020-01-09 19:18:48','null',1200,0),(522,345,55,290,'2020-01-09 19:19:22','null',290,0),(523,280,30,250,'2020-01-11 14:58:47','null',250,0),(524,60,10,50,'2020-01-11 18:18:30','null',50,0),(525,10,0,10,'2020-01-11 18:19:11','null',10,0),(526,590,110,480,'2020-01-11 19:52:17','null',480,0),(527,215,15,200,'2020-01-11 19:53:17','null',200,0),(528,365,35,330,'2020-01-11 19:59:17','null',330,0),(529,70,0,70,'2020-01-11 21:20:59','null',70,0),(530,230,30,200,'2020-01-11 21:25:14','null',200,0),(531,365,35,330,'2020-01-11 21:26:52','null',330,0),(532,450,50,400,'2020-01-11 21:27:07','null',400,0),(533,250,20,230,'2020-01-12 13:36:25','null',230,0),(534,10,0,10,'2020-01-12 16:32:29','null',10,0),(535,450,70,380,'2020-01-12 16:36:09','null',380,0),(536,370,20,350,'2020-01-12 20:02:24','null',350,0),(537,649,29,620,'2020-01-13 16:10:13','null',620,0),(538,215,15,200,'2020-01-13 20:00:37','null',200,0),(539,210,10,200,'2020-01-13 20:28:50','null',200,0),(540,220,10,210,'2020-01-14 11:26:13','null',210,0),(541,190,10,180,'2020-01-14 13:47:24','null',180,0),(542,10,0,10,'2020-01-14 14:12:47','null',10,0),(543,295,15,280,'2020-01-14 15:56:25','null',280,0),(544,345,45,300,'2020-01-14 17:06:12','null',300,0),(545,230,30,200,'2020-01-14 17:51:54','null',200,0),(546,960,160,800,'2020-01-14 22:22:22','null',800,0),(547,235,20,215,'2020-01-15 14:25:52','null',215,0),(548,450,50,400,'2020-01-15 18:57:57','null',400,0),(551,165,5,160,'2020-01-16 14:42:33','null',160,0),(552,210,0,210,'2020-01-16 16:39:12','null',210,0),(553,540,30,510,'2020-01-16 20:12:05','null',510,0),(554,230,10,220,'2020-01-16 20:32:54','null',220,0),(555,215,15,200,'2020-01-18 16:15:33','null',200,0),(556,85,15,70,'2020-01-18 16:28:55','null',70,0),(557,230,0,230,'2020-01-18 21:34:55','null',230,0),(558,190,10,180,'2020-01-19 16:54:29','null',180,0),(559,560,60,500,'2020-01-19 17:36:36','null',500,0),(560,855,35,820,'2020-01-20 15:15:27','null',820,0),(561,410,30,380,'2020-01-20 16:34:36','null',380,0),(562,15,0,15,'2020-01-20 17:50:27','null',235,0),(564,65,5,60,'2020-01-20 19:35:46','null',60,0),(565,280,20,260,'2020-01-20 20:24:14','null',260,0),(567,350,30,320,'2020-01-20 20:41:59','null',320,0),(569,280,20,260,'2020-01-21 11:59:40','null',260,0),(570,30,5,25,'2020-01-21 13:17:43','null',25,0),(571,360,30,330,'2020-01-21 15:01:25','null',330,0),(572,300,40,260,'2020-01-21 16:08:05','null',260,0),(573,290,50,240,'2020-01-21 19:02:09','null',240,0),(574,299,4,295,'2020-01-21 19:57:48','null',295,0),(575,365,55,310,'2020-01-22 15:42:01','null',310,0),(576,230,20,210,'2020-01-22 15:47:32','null',210,0),(577,210,50,160,'2020-01-22 19:27:53','null',160,0),(578,350,50,300,'2020-01-22 20:59:56','null',300,0),(579,50,10,40,'2020-01-23 14:13:16','null',40,0),(580,540,50,490,'2020-01-23 16:33:01','null',490,0),(581,460,30,430,'2020-01-23 17:01:58','null',430,0),(582,10,0,10,'2020-01-23 18:00:04','null',10,0),(584,280,30,250,'2020-01-23 18:44:11','null',250,0),(585,230,10,220,'2020-01-23 21:38:11','null',220,0),(586,210,10,200,'2020-01-25 11:12:34','null',200,0),(587,450,50,400,'2020-01-25 15:01:21','null',400,0),(588,210,50,160,'2020-01-25 15:50:46','null',160,0),(589,10,0,10,'2020-01-25 16:18:40','null',10,0),(590,210,10,200,'2020-01-26 17:19:38','null',200,0),(591,190,10,180,'2020-01-28 15:02:19','null',180,0),(592,370,0,370,'2020-01-29 16:06:06','null',370,0),(593,210,10,200,'2020-01-29 16:55:01','null',200,0),(594,200,20,180,'2020-01-29 18:24:58','null',180,0),(595,370,20,350,'2020-01-29 19:34:10','null',350,0);
/*!40000 ALTER TABLE `invoice` ENABLE KEYS */;
UNLOCK TABLES;

--
-- Table structure for table `items`
--

DROP TABLE IF EXISTS `items`;
SET @saved_cs_client     = @@character_set_client;
SET character_set_client = utf8;
CREATE TABLE `items` (
  `id` int(10) unsigned NOT NULL auto_increment,
  `name` varchar(100) NOT NULL,
  `barcode` varchar(100) NOT NULL,
  `category_id` int(10) unsigned NOT NULL,
  `supplier_id` int(10) unsigned NOT NULL,
  `purchasingPrice` double NOT NULL,
  `sellingPrice` double NOT NULL,
  `quantity` int(10) unsigned NOT NULL,
  `notes` text NOT NULL,
  `date` datetime NOT NULL default '0000-00-00 00:00:00',
  `sache_no` varchar(45) NOT NULL,
  `motor_no` varchar(45) NOT NULL,
  `kind` varchar(45) NOT NULL,
  `size` varchar(45) NOT NULL,
  PRIMARY KEY  (`id`),
  KEY `FK_addItem_1` (`category_id`),
  KEY `FK_addItem_2` (`supplier_id`),
  CONSTRAINT `FK_addItem_1` FOREIGN KEY (`category_id`) REFERENCES `category` (`id`) ON DELETE CASCADE ON UPDATE CASCADE,
  CONSTRAINT `FK_addItem_2` FOREIGN KEY (`supplier_id`) REFERENCES `company` (`id`)
) ENGINE=InnoDB AUTO_INCREMENT=170 DEFAULT CHARSET=utf8;
SET character_set_client = @saved_cs_client;

--
-- Dumping data for table `items`
--

LOCK TABLES `items` WRITE;
/*!40000 ALTER TABLE `items` DISABLE KEYS */;
INSERT INTO `items` VALUES (1,'سوى حوض شريط','1001',1,4,250,290,1,'','2019-11-04 20:48:40','null','null','null','null'),(2,'سوى سوسته مبطن ','1002',2,4,220,320,0,'','2019-12-10 16:43:09','null','null','null','null'),(3,'تريكو ','1003',13,4,175,250,0,'','2019-11-04 20:51:15','null','null','null','null'),(5,'اندر شرت بيكا ','1005',13,2,120,170,1,'','2019-11-04 21:09:14','null','null','null','null'),(6,'سوي حوض شريط ','1006',1,2,185,250,1,'','2019-11-04 21:11:10','null','null','null','null'),(8,'سوي حوض شريط ','1008',1,2,195,270,2,'','2019-11-04 21:22:47','null','null','null','null'),(10,'سوي حوض برنت','1010',1,2,185,250,0,'','2019-11-04 21:17:34','null','null','null','null'),(11,'جاكت مستورد ','1011',12,2,350,450,1,'','2019-11-04 21:19:44','null','null','null','null'),(12,'تريكو ','1012',13,7,130,185,2,'','2019-11-26 21:07:23','null','null','null','null'),(13,'سوى مستورد طبعه ','1013',14,3,325,395,1,'','2019-11-04 21:29:24','null','null','null','null'),(14,'سوى مستورد طبعه ','1014',14,3,300,370,3,'','2019-11-04 21:30:39','null','null','null','null'),(15,'سوى مستورد طبعه ','1015',14,3,280,350,2,'','2019-11-04 21:31:13','null','null','null','null'),(16,'جاكت town team','1016',11,1,550,750,1,'','2019-11-05 09:38:06','null','null','null','null'),(17,'سوى Town Team','1017',2,1,300,395,0,'','2019-11-05 09:44:19','null','null','null','null'),(18,'سوى Town Team','1018',1,1,275,320,0,'','2019-11-08 17:03:49','null','null','null','null'),(19,'سوى Town Team','1019',14,1,300,375,3,'','2019-11-08 18:29:39','null','null','null','null'),(20,'سوى Town Team','1020',1,1,260,330,1,'','2019-12-01 17:11:45','null','null','null','null'),(21,'سوى Town Team','1021',14,1,290,365,1,'','2020-01-29 18:17:43','null','null','null','null'),(22,'سوى Town Team','1022',14,1,275,350,6,'','2019-11-05 10:25:54','null','null','null','null'),(23,'سوى Town Team','1023',14,1,280,370,0,'','2019-11-05 10:32:22','null','null','null','null'),(24,'سوى Town Team','1024',1,1,200,290,0,'','2019-11-05 10:44:17','null','null','null','null'),(25,'سوى Town Team','1025',1,1,250,320,1,'','2019-11-05 10:47:23','null','null','null','null'),(26,'سوى Town Team','1026',14,1,265,350,5,'','2019-11-05 11:01:30','null','null','null','null'),(27,'سوى Town Team','1027',14,1,275,380,2,'','2019-11-05 11:09:06','null','null','null','null'),(28,'سوى Town Team','1028',2,1,299,360,1,'','2019-11-05 11:23:51','null','null','null','null'),(29,'جاكت جينز ','1029',10,6,280,390,2,'','2019-11-05 11:41:34','null','null','null','null'),(30,'بنطلون بوى فرند ','1030',5,5,165,230,5,'','2019-11-05 12:16:30','null','null','null','null'),(31,'جاكت فلور','1031',3,5,300,400,0,'','2019-11-05 12:18:49','null','null','null','null'),(32,'بنطلون جينز','1032',5,5,165,230,2,'','2019-11-15 17:11:53','null','null','null','null'),(33,'بنطلون جينزبوى فرند','1033',5,5,165,230,4,'','2019-11-05 13:21:35','null','null','null','null'),(34,'بنطلون ساده','1034',5,6,143,200,3,'','2019-11-05 12:36:00','null','null','null','null'),(35,'بنطلون جينز ساده','1035',5,6,143,200,1,'','2019-11-05 12:42:54','null','null','null','null'),(36,'بنطلو جينز ساده ','1036',5,6,143,200,2,'','2019-11-05 12:43:21','null','null','null','null'),(37,'بطلون جينز مخربش','1037',4,6,145,210,1,'','2019-11-05 12:47:32','null','null','null','null'),(38,'بنطلون جينز مخربش','1038',4,6,145,210,3,'','2019-11-05 12:49:28','null','null','null','null'),(39,'بنطلون بيزك','1039',5,5,165,230,0,'','2019-11-05 12:54:32','null','null','null','null'),(40,'بنطلون جينز بيزك','1040',5,8,155,230,0,'','2019-11-05 12:56:48','null','null','null','null'),(41,'بنطلون جينز اسود','1041',5,6,135,200,1,'','2019-11-05 12:58:41','null','null','null','null'),(42,'بنطلون فاشون ','1042',4,6,145,200,5,'','2019-11-05 13:06:00','null','null','null','null'),(43,'بنطلون مخربش','1043',4,6,148,200,3,'','2019-11-05 13:10:04','null','null','null','null'),(44,'بنطلون مخربش','1044',4,6,145,200,2,'','2019-11-05 13:10:52','null','null','null','null'),(45,'بنطلون جينز بيزك ','1045',5,6,143,200,3,'','2019-11-05 13:13:50','null','null','null','null'),(46,'بنطلون بيزك','1046',5,6,143,200,6,'','2019-11-05 13:23:15','null','null','null','null'),(47,'بنطلون مخربش','1047',4,6,145,200,1,'','2019-11-05 13:28:08','null','null','null','null'),(48,'بنطلون بيكا اسوره','1048',5,9,125,200,2,'','2019-11-05 13:39:18','null','null','null','null'),(49,'تيشيرت اسكارف','1049',1,10,145,180,0,'','2019-11-05 13:42:41','null','null','null','null'),(50,'بضى كم','1050',15,11,60,110,1,'','2019-11-05 13:49:28','null','null','null','null'),(51,'تىشيرت بولو','1051',17,4,70,110,2,'','2019-11-05 13:51:01','null','null','null','null'),(52,'قميص','1052',16,1,185,230,0,'','2019-11-05 13:52:48','null','null','null','null'),(53,'سوى تيشرت كوبا','1053',14,1,285,360,0,'','2019-11-05 13:56:10','null','null','null','null'),(54,'تىشيرت زار','1054',1,10,100,140,1,'','2019-11-05 13:58:17','null','null','null','null'),(55,'تىشيرت دبل','1055',1,10,145,190,0,'','2019-11-05 13:58:47','null','null','null','null'),(56,'شروال شريط عريط ','1056',9,12,120,160,0,'','2019-11-05 14:03:48','null','null','null','null'),(57,'شروال سوفت','1057',8,12,145,185,2,'','2019-11-05 14:05:08','null','null','null','null'),(58,'شروال ميلتون ','1058',9,14,125,160,1,'','2019-11-05 14:06:34','null','null','null','null'),(59,'بنطلون تركى ','1059',5,6,130,190,1,'','2019-11-05 14:07:15','null','null','null','null'),(60,'بنطلون مخربش ','1060',4,6,145,200,2,'','2019-11-05 14:10:31','null','null','null','null'),(61,'بنطلون بيزك ','1061',5,6,143,200,1,'','2019-11-05 14:14:14','null','null','null','null'),(62,'بنطلون بيزك ','1062',5,6,145,200,1,'','2019-11-08 17:34:51','null','null','null','null'),(63,'بنطلون جينز خام','1063',5,6,135,200,2,'','2019-11-05 14:22:58','null','null','null','null'),(64,'بنطلون بيكا زيتى ','1064',18,6,133,195,4,'','2019-11-05 14:30:32','null','null','null','null'),(65,'بنطلو بيكا فرانى ','1065',18,6,133,200,1,'','2019-11-05 14:31:19','null','null','null','null'),(66,'بنطلون بيكا ','1066',18,6,135,200,3,'','2019-11-05 14:35:07','null','null','null','null'),(67,'بنطلون جملى ','1067',18,6,145,200,3,'','2019-11-05 14:37:04','null','null','null','null'),(68,'شراول ميلتون شريط ','1068',9,12,120,165,2,'','2019-11-05 14:44:24','null','null','null','null'),(69,'شروال سوفت','1069',8,12,145,190,3,'','2019-11-05 14:48:42','null','null','null','null'),(70,'شروال سوفت شريط','1070',8,12,145,190,2,'','2019-11-05 15:13:47','null','null','null','null'),(71,'سوفت ساده','1071',7,12,140,185,0,'','2019-11-05 15:17:32','null','null','null','null'),(72,'شروال ميلتون','1072',9,12,90,135,1,'','2020-01-06 16:27:47','null','null','null','null'),(73,'محفظه صغيره','1073',19,15,25,50,5,'','2019-11-06 11:08:42','null','null','null','null'),(74,'محفظه زرار','1074',19,15,40,65,0,'','2019-11-06 11:10:26','null','null','null','null'),(75,'حزام 4سم','1075',20,16,35,65,23,'','2019-11-06 11:18:42','null','null','null','null'),(76,'حزام 4سم حرف','1076',20,16,38,65,8,'','2019-11-06 11:21:01','null','null','null','null'),(77,'حزام 2.5','1077',20,16,28,50,9,'','2019-11-06 11:21:37','null','null','null','null'),(78,'حزام 4سم','1078',20,16,35,60,7,'','2019-11-06 11:23:53','null','null','null','null'),(79,'بنطلون كتان اسوره','1079',5,17,165,230,1,'','2019-11-06 13:33:56','null','null','null','null'),(80,'سوى حوض','1080',1,17,190,260,2,'','2019-11-06 13:34:54','null','null','null','null'),(81,'سوى شنطه','1081',2,10,275,350,3,'','2019-11-06 13:52:49','null','null','null','null'),(82,'جاكت NYC','1082',3,10,340,420,3,'','2019-11-06 14:03:16','null','null','null','null'),(83,'جمبر مستورد ','1083',2,10,340,415,1,'','2019-11-07 12:10:06','null','null','null','null'),(84,'بنطلون بوى فرند','1084',5,8,155,230,4,'','2019-11-07 12:21:48','null','null','null','null'),(85,'سوى هواى ','1085',2,8,230,330,0,'','2019-11-07 12:43:55','null','null','null','null'),(86,'جاكت جاكر','1086',3,18,245,340,0,'','2019-11-07 17:45:41','null','null','null','null'),(87,'محفظه يد','1087',19,15,55,90,1,'','2019-11-09 14:42:03','null','null','null','null'),(88,'بضى كم','1088',15,19,60,100,0,'','2019-11-10 10:53:48','null','null','null','null'),(89,'كلسون رجالى','1089',24,19,60,85,2,'','2019-11-10 11:11:40','null','null','null','null'),(90,'شراب نص','1090',22,20,5,10,18,'','2019-11-10 11:29:23','null','null','null','null'),(91,'بوكسر','1091',21,20,13.5,25,46,'','2019-11-10 11:31:38','null','null','null','null'),(92,'بوكلت حوض','1092',13,21,135,210,0,'','2019-11-10 12:34:16','null','null','null','null'),(93,'شروال بيكا سوفت','1093',7,12,145,190,0,'','2019-11-16 13:11:18','null','null','null','null'),(94,'شراب انكل','1094',22,19,12.5,15,7,'','2019-11-18 16:40:19','null','null','null','null'),(95,'شراب ','1095',22,19,7.5,15,26,'','2019-11-18 17:01:45','null','null','null','null'),(96,'شراب ','1096',22,19,6.5,10,15,'','2019-11-18 17:04:55','null','null','null','null'),(97,'شراب','1097',22,19,5,10,35,'','2019-11-18 17:36:05','null','null','null','null'),(98,'بدى ','1098',15,23,55,85,0,'','2019-11-20 13:22:52','null','null','null','null'),(99,'جاكت سيلفر','1099',12,23,260,380,0,'','2019-12-12 16:29:59','null','null','null','null'),(100,'جاكت مبطن','1100',12,23,315,420,0,'','2019-11-20 13:25:37','null','null','null','null'),(101,'سوى دبل ','1101',1,10,250,325,11,'','2019-11-20 15:15:25','null','null','null','null'),(102,'سوى تىيشرت طبعه','1102',1,10,230,300,0,'','2019-12-07 19:30:08','null','null','null','null'),(103,'تيشيرت تريكو','1103',13,24,135,210,1,'','2019-11-20 19:06:41','null','null','null','null'),(104,'بنطلون جينز شروال','1104',5,25,165,230,1,'','2019-11-20 19:15:31','null','null','null','null'),(105,'جاكت جينز مخربش','1105',10,25,280,390,0,'','2019-11-20 19:16:54','null','null','null','null'),(106,'جاكت جلد TOWN TEAM','1106',23,1,575,750,2,'','2019-11-24 13:58:06','null','null','null','null'),(107,'سوي مستورد','1107',1,10,195,295,4,'','2019-11-24 14:38:30','null','null','null','null'),(108,'بنطبون جينز ساده','1108',5,6,143,210,6,'','2019-12-01 10:28:59','null','null','null','null'),(109,'بنطلون جينز مخربش','1109',4,6,145,210,2,'','2019-12-01 10:29:49','null','null','null','null'),(110,'بنطلون جينز ساده','1110',5,6,143,210,1,'','2019-12-01 10:43:22','null','null','null','null'),(111,'بنطلون جينز ساده','1111',5,6,143,210,4,'','2019-12-01 10:44:42','null','null','null','null'),(112,'بنطلون جينز مخربش','1112',4,6,145,210,2,'','2019-12-01 10:50:01','null','null','null','null'),(113,'بنطلون جينز مخربش','1113',4,6,145,220,2,'','2019-12-01 10:55:37','null','null','null','null'),(114,'بنطلون جينز ساده','1114',5,6,143,210,3,'','2019-12-01 10:59:45','null','null','null','null'),(115,'بوكلت كشمير بضى','1115',13,26,189,245,1,'','2019-12-01 13:04:02','null','null','null','null'),(116,'سوى تىشيرت','1116',14,17,190,300,0,'','2019-12-01 14:20:35','null','null','null','null'),(118,'تىشيرت حوض','1118',1,27,200,270,0,'','2019-12-29 21:39:39','null','null','null','null'),(119,'شروال سوفت','1119',7,27,135,190,4,'','2019-12-02 15:33:04','null','null','null','null'),(120,'شروال ميلتون','1120',9,27,125,160,7,'','2019-12-02 15:56:01','null','null','null','null'),(121,'جاكت وتر بروف ','1121',12,4,130,280,1,'','2019-12-03 20:36:13','null','null','null','null'),(122,'تيشيرت حوض','1122',1,10,200,280,3,'','2019-12-08 12:55:23','null','null','null','null'),(123,'جاكت جينز','1123',10,10,325,420,0,'','2019-12-08 13:04:43','null','null','null','null'),(124,'بضى كم','1124',15,11,50,85,4,'','2019-12-08 13:20:51','null','null','null','null'),(125,'سوى تيشيرت','1125',14,28,235,320,0,'','2019-12-08 13:22:58','null','null','null','null'),(127,'بنطلون خام ','1127',5,6,135,210,4,'','2019-12-11 13:10:33','null','null','null','null'),(128,'جاكت جينز','1128',10,6,265,390,1,'','2019-12-11 13:54:19','null','null','null','null'),(129,'بضى مستورد ','1129',15,29,80,115,2,'','2019-12-14 16:46:35','null','null','null','null'),(130,'سوى مقلم كرفت','1130',14,29,265,345,1,'','2019-12-14 17:00:48','null','null','null','null'),(131,'اندر شرت ','1131',1,29,150,210,1,'','2019-12-14 17:06:06','null','null','null','null'),(133,'اندر شرت مخطط ','1133',14,29,195,295,2,'','2020-01-21 21:48:41','null','null','null','null'),(134,'جاكت جبردين ','1134',12,4,370,440,0,'','2019-12-14 18:09:59','null','null','null','null'),(135,'جاكت بيكا  ','1135',12,23,315,395,0,'','2019-12-14 18:18:48','null','null','null','null'),(136,'شروال زيتى','1136',7,30,145,200,7,'','2019-12-18 20:00:59','null','null','null','null'),(137,'شروال سوفت','1137',7,30,135,190,0,'','2019-12-18 20:01:36','null','null','null','null'),(138,'بوكلت كشمير','1138',13,21,135,210,0,'','2019-12-18 20:29:26','null','null','null','null'),(139,'بوكلت كشمير','1139',13,31,130,185,5,'','2019-12-19 20:30:49','null','null','null','null'),(140,'شروال سوسته ','1140',9,14,130,160,1,'','2019-12-26 16:53:06','null','null','null','null'),(141,'سوى بوينت ','1141',14,28,230,299,3,'','2019-12-29 14:37:15','null','null','null','null'),(142,'سوى بيزك اوريجنال ','1142',14,28,205,290,1,'','2019-12-29 14:40:58','null','null','null','null'),(143,'سوى بيزك اوريجنال','1143',14,28,190,290,2,'','2019-12-29 15:54:12','null','null','null','null'),(144,'جاكت وتر بروف ','1144',12,23,270,390,3,'','2019-12-29 16:34:24','null','null','null','null'),(145,'شروال ميلتون ','1145',9,27,125,165,5,'','2019-12-29 17:53:48','null','null','null','null'),(146,'شروال بيكا ','1146',9,27,130,170,3,'','2019-12-29 18:06:03','null','null','null','null'),(147,'بنطلون بوى فرند ','1147',5,5,165,230,4,'','2019-12-29 21:40:55','null','null','null','null'),(148,'بنطلون بوى فرند ','1148',5,5,165,230,7,'','2019-12-29 21:39:56','null','null','null','null'),(149,'شروال جينز','1149',5,5,195,250,5,'','2019-12-29 19:41:51','null','null','null','null'),(150,'شروال جينز','1150',5,5,195,250,4,'','2019-12-29 19:49:51','null','null','null','null'),(151,'بضى كوبا','1151',15,1,60,100,4,'','2020-01-04 11:12:01','null','null','null','null'),(152,'بضى بولو','1152',15,12,45,70,8,'','2020-01-04 11:34:04','null','null','null','null'),(153,'جاكت وتر برةف ','1153',12,23,270,399,0,'','2020-01-04 18:02:40','null','null','null','null'),(154,'جاكت جلد ','1154',23,32,420,680,1,'','2020-01-04 18:05:33','null','null','null','null'),(155,'جاكت جبردين ','1155',12,32,325,450,1,'','2020-01-04 18:06:37','null','null','null','null'),(156,'بنطلون جبردين ','1156',25,6,135,210,8,'','2020-01-11 17:13:07','null','null','null','null'),(157,'بنطلون جبردين ','1157',25,6,135,210,8,'','2020-01-11 17:18:04','null','null','null','null'),(158,'شروال جبردين بيكا','1158',25,6,135,230,3,'','2020-01-11 17:22:17','null','null','null','null'),(159,'بنطلون خام ','1159',5,6,143,215,6,'','2020-01-11 17:52:21','null','null','null','null'),(160,'بنطلون خام تقطيع ','1160',4,6,145,215,8,'','2020-01-11 17:56:42','null','null','null','null'),(161,'بنطلون اروبى 2001','1161',4,33,170,280,7,'','2020-01-13 13:01:02','null','null','null','null'),(162,'بنطلون اروبى 20013','1162',6,33,170,280,7,'','2020-01-13 13:02:10','null','null','null','null'),(163,'بنطلون turkiye','1163',5,33,170,235,9,'','2020-01-13 13:03:26','null','null','null','null'),(164,'aa','1164',7,9,40,50,0,'aaa		','2020-02-21 14:35:08','null','null','null','null'),(165,'zzz','1165',10,9,110,1000,10,'	szx','2020-02-21 14:39:41','null','null','null','0000zxxzx'),(166,'zzz','1166',10,9,110,1000,10,'	szx','2020-02-21 14:43:55','null','null','null','0000zxxzx'),(167,'بيتزا مارجريتا','1167',26,34,5,50,50,'ببببب','2020-02-21 18:44:48','null','null','null','صغير'),(168,'بيتزا مارجريتا','1168',26,34,5,50,50,'ببببب','2020-02-21 18:45:01','null','null','null','وسط'),(169,'بيتزا مارجريتا','1169',26,34,5,50,50,'ببببب','2020-02-21 18:45:14','null','null','null','كبير');
/*!40000 ALTER TABLE `items` ENABLE KEYS */;
UNLOCK TABLES;

--
-- Table structure for table `outmoney`
--

DROP TABLE IF EXISTS `outmoney`;
SET @saved_cs_client     = @@character_set_client;
SET character_set_client = utf8;
CREATE TABLE `outmoney` (
  `id` int(10) unsigned NOT NULL auto_increment,
  `price` double NOT NULL,
  `details` text NOT NULL,
  `date` datetime default NULL,
  PRIMARY KEY  (`id`)
) ENGINE=InnoDB AUTO_INCREMENT=8 DEFAULT CHARSET=utf8;
SET character_set_client = @saved_cs_client;

--
-- Dumping data for table `outmoney`
--

LOCK TABLES `outmoney` WRITE;
/*!40000 ALTER TABLE `outmoney` DISABLE KEYS */;
INSERT INTO `outmoney` VALUES (1,140,'نت المنزل','2019-11-05 00:00:00'),(2,200,'كشف سليم وباقه اسلام وعلاج','2019-11-09 00:00:00'),(3,85,'كهربا و باركود','2019-11-20 00:00:00'),(4,100,'كشف سليم وشحن ','2019-11-26 00:00:00'),(5,140,'نت شهرين 11/12','2019-11-28 00:00:00'),(6,570,'سعد صبحى تصليح دش وتركيب','2019-12-15 00:00:00'),(7,75,'كهربا','2019-12-16 00:00:00');
/*!40000 ALTER TABLE `outmoney` ENABLE KEYS */;
UNLOCK TABLES;

--
-- Table structure for table `privileges`
--

DROP TABLE IF EXISTS `privileges`;
SET @saved_cs_client     = @@character_set_client;
SET character_set_client = utf8;
CREATE TABLE `privileges` (
  `p_id` int(10) unsigned NOT NULL auto_increment,
  `emp_id` int(10) unsigned NOT NULL,
  `privilegesForm` varchar(50) NOT NULL,
  PRIMARY KEY  (`p_id`),
  KEY `FK_privileges_1` (`emp_id`),
  CONSTRAINT `FK_privileges_1` FOREIGN KEY (`emp_id`) REFERENCES `employees` (`emp_id`) ON DELETE CASCADE ON UPDATE CASCADE
) ENGINE=InnoDB AUTO_INCREMENT=52 DEFAULT CHARSET=utf8;
SET character_set_client = @saved_cs_client;

--
-- Dumping data for table `privileges`
--

LOCK TABLES `privileges` WRITE;
/*!40000 ALTER TABLE `privileges` DISABLE KEYS */;
INSERT INTO `privileges` VALUES (37,1,'الموظفين'),(38,1,'الموردين-الشركات'),(39,1,'المخازن'),(40,1,'العملاء'),(41,1,' اضافه الاصناف'),(42,1,'الاصناف ذات الكميه المنتهيه'),(43,1,'جرد الاصناف'),(44,1,'الاصناف'),(45,1,'متابعه الاقساط'),(46,1,'نافذه البيع'),(47,1,'جميع الفواتير'),(48,1,'تسجيل واردات'),(49,1,'تسجيل مصروفات'),(50,1,'المرتجعات'),(51,1,'الجرد الكلى');
/*!40000 ALTER TABLE `privileges` ENABLE KEYS */;
UNLOCK TABLES;

--
-- Table structure for table `returns`
--

DROP TABLE IF EXISTS `returns`;
SET @saved_cs_client     = @@character_set_client;
SET character_set_client = utf8;
CREATE TABLE `returns` (
  `return_id` int(10) unsigned NOT NULL auto_increment,
  `drug_barcode` varchar(45) NOT NULL,
  `return_quantity` varchar(45) NOT NULL,
  `bill_id` varchar(45) NOT NULL,
  `date` datetime NOT NULL,
  PRIMARY KEY  (`return_id`)
) ENGINE=InnoDB AUTO_INCREMENT=99 DEFAULT CHARSET=utf8;
SET character_set_client = @saved_cs_client;

--
-- Dumping data for table `returns`
--

LOCK TABLES `returns` WRITE;
/*!40000 ALTER TABLE `returns` DISABLE KEYS */;
INSERT INTO `returns` VALUES (1,'1053','1','1','2019-11-06 17:14:10'),(2,'1018','1','1','2019-11-06 17:14:57'),(3,'1001','1','9','2019-11-06 22:14:57'),(4,'1002','1','9','2019-11-06 22:14:57'),(5,'1011','1','9','2019-11-06 22:14:57'),(6,'1013','1','10','2019-11-06 22:15:00'),(7,'1011','1','11','2019-11-06 22:15:24'),(8,'1037','1','11','2019-11-06 22:15:24'),(9,'1029','1','12','2019-11-06 22:15:27'),(10,'1079','1','18','2019-11-09 14:28:31'),(11,'1028','1','56','2019-11-10 16:35:47'),(12,'1038','1','56','2019-11-10 16:35:47'),(13,'1088','2','56','2019-11-10 16:35:47'),(14,'1012','1','58','2019-11-10 19:35:49'),(15,'1017','1','58','2019-11-10 19:35:49'),(16,'1020','1','58','2019-11-10 19:35:49'),(17,'1033','1','58','2019-11-10 19:35:49'),(18,'1037','1','58','2019-11-10 19:35:49'),(19,'1070','1','58','2019-11-10 19:35:50'),(20,'1087','1','58','2019-11-10 19:35:50'),(21,'1092','1','60','2019-11-10 20:31:54'),(22,'1092','1','61','2019-11-11 15:04:08'),(23,'1031','1','68','2019-11-11 15:20:40'),(24,'1031','1','69','2019-11-12 14:28:56'),(25,'1033','1','35','2019-11-12 22:27:15'),(26,'1019','1','91','2019-11-13 23:32:50'),(27,'1024','1','91','2019-11-13 23:32:50'),(28,'1038','1','91','2019-11-13 23:32:50'),(29,'1064','1','39','2019-11-14 20:25:49'),(30,'1032','1','103','2019-11-16 13:35:24'),(31,'1001','1','104','2019-11-16 13:35:39'),(32,'1011','1','41','2019-11-16 17:04:36'),(33,'1069','1','126','2019-11-17 14:16:04'),(34,'1005','2','130','2019-11-17 19:23:17'),(35,'1012','1','130','2019-11-17 19:23:17'),(36,'1010','1','133','2019-11-17 21:38:20'),(37,'1082','1','133','2019-11-17 21:38:21'),(38,'1023','1','137','2019-11-18 11:41:52'),(39,'1032','1','115','2019-11-18 18:55:10'),(40,'1012','1','121','2019-11-18 20:15:08'),(41,'1019','1','149','2019-11-18 22:23:40'),(42,'1100','1','164','2019-11-21 16:35:28'),(43,'1037','1','170','2019-11-23 16:57:02'),(44,'1008','1','177','2019-11-23 17:40:59'),(45,'1024','1','177','2019-11-23 17:41:02'),(46,'1093','1','181','2019-11-24 20:30:33'),(47,'1084','1','145','2019-11-25 21:11:41'),(48,'1016','1','63','2019-11-28 14:12:15'),(49,'1083','1','246','2019-12-01 20:49:56'),(50,'1086','1','249','2019-12-02 13:10:47'),(51,'1120','1','254','2019-12-02 21:29:45'),(52,'1083','1','253','2019-12-03 11:15:41'),(53,'1121','1','263','2019-12-04 16:20:24'),(54,'1085','1','278','2019-12-06 16:26:42'),(55,'1120','1','282','2019-12-08 14:42:23'),(56,'1123','1','304','2019-12-08 15:14:55'),(57,'1117','1','294','2019-12-08 18:58:41'),(58,'1026','1','323','2019-12-10 22:47:22'),(59,'1096','1','323','2019-12-10 22:47:23'),(60,'1116','1','323','2019-12-10 22:47:23'),(61,'1128','1','347','2019-12-14 19:41:47'),(62,'1035','1','350','2019-12-14 23:01:22'),(63,'1120','1','350','2019-12-14 23:01:22'),(64,'1127','1','350','2019-12-14 23:01:22'),(65,'1032','1','364','2019-12-16 15:55:43'),(66,'1132','1','364','2019-12-16 15:55:44'),(67,'1020','1','381','2019-12-19 13:01:33'),(68,'1130','1','387','2019-12-22 11:26:13'),(69,'1021','1','404','2019-12-22 23:17:38'),(70,'1034','1','404','2019-12-22 23:17:39'),(71,'1024','1','405','2019-12-22 23:17:41'),(72,'1127','1','405','2019-12-22 23:17:41'),(73,'1117','1','255','2019-12-26 16:49:44'),(74,'1069','1','433','2019-12-28 12:50:44'),(75,'1134','1','433','2019-12-28 12:50:44'),(76,'1111','1','248','2019-12-29 21:57:02'),(77,'1057','1','447','2019-12-30 16:50:45'),(78,'1141','1','447','2019-12-30 16:57:55'),(79,'1006','1','468','2019-12-31 22:27:57'),(80,'1052','1','468','2019-12-31 22:27:57'),(81,'1091','2','468','2019-12-31 22:27:57'),(82,'1097','1','468','2019-12-31 22:27:58'),(83,'1083','1','476','2020-01-02 20:09:54'),(84,'1111','1','486','2020-01-04 17:17:39'),(85,'1146','1','486','2020-01-04 17:19:24'),(86,'1146','1','453','2020-01-04 21:10:05'),(87,'1131','1','477','2020-01-05 15:23:14'),(88,'1145','1','492','2020-01-06 16:26:11'),(89,'1148','1','512','2020-01-07 19:15:37'),(90,'1065','1','508','2020-01-08 16:39:16'),(91,'1163','1','550','2020-01-18 21:35:34'),(92,'1148','1','562','2020-01-20 18:04:56'),(93,'1148','2','565','2020-01-20 18:19:00'),(94,'1148','2','564','2020-01-20 18:19:54'),(95,'1155','1','566','2020-01-21 12:01:00'),(96,'1132','1','568','2020-01-21 19:53:42'),(97,'1158','1','575','2020-01-21 21:20:51'),(98,'1158','1','576','2020-01-21 21:22:05');
/*!40000 ALTER TABLE `returns` ENABLE KEYS */;
UNLOCK TABLES;

--
-- Table structure for table `solditems`
--

DROP TABLE IF EXISTS `solditems`;
SET @saved_cs_client     = @@character_set_client;
SET character_set_client = utf8;
CREATE TABLE `solditems` (
  `id` int(10) unsigned NOT NULL auto_increment,
  `soldQuantity` int(10) unsigned NOT NULL,
  `invoice_id` int(10) unsigned NOT NULL,
  `barcode` varchar(100) NOT NULL,
  `price` varchar(45) NOT NULL,
  `discount` varchar(45) NOT NULL,
  `priceAD` varchar(45) NOT NULL,
  PRIMARY KEY  (`id`),
  KEY `FK_soldItems_1` (`invoice_id`),
  CONSTRAINT `FK_soldItems_1` FOREIGN KEY (`invoice_id`) REFERENCES `invoice` (`id`) ON DELETE CASCADE ON UPDATE CASCADE
) ENGINE=InnoDB AUTO_INCREMENT=938 DEFAULT CHARSET=utf8;
SET character_set_client = @saved_cs_client;

--
-- Dumping data for table `solditems`
--

LOCK TABLES `solditems` WRITE;
/*!40000 ALTER TABLE `solditems` DISABLE KEYS */;
INSERT INTO `solditems` VALUES (4,1,3,'1073','50','10','40.0'),(5,1,4,'1041','200','10','190.0'),(6,1,5,'1024','290','20','270.0'),(7,1,6,'1015','350','20','330.0'),(8,1,7,'1012','185','0.0','185.0'),(9,1,8,'1033','230','0.0','230.0'),(10,1,8,'1068','165','5','160.0'),(18,1,13,'1001','290','0.0','290.0'),(19,1,13,'1002','320','0.0','320.0'),(20,1,13,'1011','450','0.0','450.0'),(21,1,14,'1038','210','10','200.0'),(22,1,15,'1017','395','15','380.0'),(23,1,16,'1002','320','20','300.0'),(24,1,16,'1001','290','10','280.0'),(25,1,16,'1036','200','0.0','200.0'),(26,1,17,'1018','320','30','290.0'),(27,1,17,'1036','200','5','195.0'),(29,1,19,'1037','210','0.0','210.0'),(30,1,19,'1012','185','0.0','185.0'),(31,1,20,'1036','200','0.0','200.0'),(32,1,20,'1003','250','0.0','250.0'),(33,1,21,'1023','370','10','360.0'),(34,1,21,'1029','390','20','370.0'),(35,1,23,'1037','210','10','200.0'),(36,1,24,'1013','395','15','380.0'),(37,1,26,'1011','450','25','425.0'),(38,1,27,'1062','200','10','190.0'),(39,1,27,'1003','250','15','235.0'),(40,1,28,'1012','185','15','170.0'),(41,1,29,'1075','65','5','60.0'),(42,1,30,'1029','390','0.0','390.0'),(43,1,30,'1012','185','0.0','185.0'),(44,1,30,'1029','390','0.0','390.0'),(45,1,30,'1012','185','0.0','185.0'),(46,1,31,'1033','230','0.0','230.0'),(47,1,32,'1021','365','0.0','365.0'),(48,1,33,'1005','170','0.0','170.0'),(49,1,35,'1029','390','20','370.0'),(51,1,36,'1001','290','0.0','290.0'),(52,1,37,'1040','230','10','220.0'),(53,1,37,'1003','250','10','240.0'),(54,1,38,'1072','135','0.0','135.0'),(55,1,38,'1050','110','0.0','110.0'),(56,1,39,'1019','375','15','360.0'),(58,1,40,'1074','65','5','60.0'),(59,1,40,'1078','60','0.0','60.0'),(60,1,40,'1019','375','15','360.0'),(61,1,41,'1032','230','10','220.0'),(63,1,41,'1037','210','10','200.0'),(64,1,41,'1029','390','15','375.0'),(65,1,42,'1018','320','15','305.0'),(66,1,43,'1072','135','0.0','135.0'),(67,1,43,'1084','230','0.0','230.0'),(68,1,44,'1062','200','0.0','200.0'),(69,1,45,'1037','210','10','200.0'),(70,1,45,'1068','165','10','155.0'),(71,1,45,'1001','290','20','270.0'),(72,1,45,'1061','200','25','175.0'),(73,1,46,'1034','200','0.0','200.0'),(74,1,47,'1087','90','0.0','90.0'),(75,1,48,'1029','390','30','360.0'),(76,1,48,'1002','320','30','290.0'),(77,1,49,'1080','260','10','250.0'),(78,1,50,'1002','320','20','300.0'),(79,2,51,'1091','25','0.0','25.0'),(80,1,52,'1035','200','0.0','200.0'),(81,1,53,'1023','370','20','350.0'),(82,1,53,'1055','190','10','180.0'),(83,1,54,'1092','210','10','200.0'),(84,1,55,'1003','250','25','225.0'),(85,2,57,'1088','100','70','30.0'),(86,1,57,'1038','210','55','155.0'),(87,1,57,'1028','360','50','310.0'),(88,1,59,'1037','210','0.0','210.0'),(89,1,59,'1020','330','0.0','330.0'),(90,1,59,'1017','395','0.0','395.0'),(91,1,59,'1087','90','0.0','90.0'),(92,1,59,'1070','190','0.0','190.0'),(93,1,59,'1012','185','0.0','185.0'),(94,1,59,'1033','230','0.0','230.0'),(95,1,61,'1092','210','40','170.0'),(96,1,62,'1086','340','30','310.0'),(97,1,62,'1024','290','10','280.0'),(98,1,63,'1018','320','40','280.0'),(99,1,63,'1001','290','20','270.0'),(101,1,64,'1039','230','15','215.0'),(102,1,64,'1032','230','15','215.0'),(103,1,65,'1013','395','15','380.0'),(104,1,66,'1024','290','60','230.0'),(105,1,67,'1035','200','20','180.0'),(108,1,70,'1077','50','0.0','50.0'),(109,1,71,'1071','185','0.0','185.0'),(110,2,72,'1092','210','20','190.0'),(111,1,73,'1018','320','30','290.0'),(112,1,73,'1035','200','10','190.0'),(113,1,74,'1092','210','10','200.0'),(114,1,74,'1038','210','10','200.0'),(115,1,75,'1012','185','10','175.0'),(116,1,75,'1092','210','5','205.0'),(117,2,76,'1070','190','20','170.0'),(118,1,76,'1078','60','5','55.0'),(119,1,78,'1065','200','0.0','200.0'),(120,1,79,'1029','390','40','350.0'),(121,1,80,'1029','390','30','360.0'),(122,1,81,'1087','90','0.0','90.0'),(123,1,82,'1033','230','10','220.0'),(124,1,82,'1088','100','0.0','100.0'),(125,1,83,'1025','320','20','300.0'),(126,1,84,'1077','50','0.0','50.0'),(127,1,85,'1088','100','10','90.0'),(128,1,85,'1002','320','10','310.0'),(129,1,86,'1014','370','25','345.0'),(130,1,86,'1029','390','25','365.0'),(131,2,87,'1072','135','0.0','135.0'),(132,1,88,'1016','750','50','700.0'),(133,1,89,'1005','170','0.0','170.0'),(134,1,89,'1090','10','0.0','10.0'),(135,1,90,'1026','350','30','320.0'),(136,1,92,'1033','230','10','220.0'),(137,1,92,'1016','750','70','680.0'),(138,1,93,'1013','395','20','375.0'),(139,1,93,'1015','350','15','335.0'),(140,1,93,'1079','230','20','210.0'),(141,1,94,'1092','210','10','200.0'),(142,1,95,'1063','200','10','190.0'),(143,1,95,'1012','185','5','180.0'),(144,1,96,'1017','395','45','350.0'),(145,1,97,'1006','250','0.0','250.0'),(146,1,97,'1037','210','0.0','210.0'),(147,1,97,'1072','135','5','130.0'),(148,1,98,'1025','320','20','300.0'),(149,1,99,'1066','200','10','190.0'),(150,2,99,'1072','135','10','125.0'),(151,2,99,'1091','25','10','15.0'),(152,1,100,'1024','290','5','285.0'),(153,1,101,'1018','320','20','300.0'),(154,1,101,'1092','210','10','200.0'),(155,1,102,'1087','90','0.0','90.0'),(156,1,102,'1002','320','10','310.0'),(159,1,105,'1029','390','40','350.0'),(160,1,106,'1032','230','0.0','230.0'),(161,1,107,'1074','65','5','60.0'),(162,1,108,'1093','190','0.0','190.0'),(163,1,109,'1001','290','10','280.0'),(164,1,110,'1070','190','20','170.0'),(165,1,111,'1029','390','10','380.0'),(166,1,112,'1092','210','10','200.0'),(167,1,113,'1032','230','0.0','230.0'),(168,1,113,'1014','370','0.0','370.0'),(169,1,114,'1019','375','10','365.0'),(170,1,114,'1078','60','0.0','60.0'),(171,1,115,'1037','210','0.0','210.0'),(173,1,115,'1039','230','20','210.0'),(174,1,116,'1092','210','10','200.0'),(175,1,116,'1003','250','20','230.0'),(176,1,116,'1092','210','10','200.0'),(177,1,117,'1019','375','60','315.0'),(178,1,117,'1038','210','10','200.0'),(179,1,118,'1092','210','10','200.0'),(180,1,119,'1031','400','20','380.0'),(181,1,120,'1079','230','0.0','230.0'),(182,1,121,'1029','390','20','370.0'),(184,1,122,'1005','170','10','160.0'),(185,1,123,'1073','50','0.0','50.0'),(186,1,123,'1075','65','5','60.0'),(187,1,124,'1021','365','45','320.0'),(188,1,125,'1072','135','5','130.0'),(189,1,126,'1008','270','20','250.0'),(190,1,126,'1069','190','30','160.0'),(191,2,126,'1025','320','40','280.0'),(192,1,127,'1089','85','5','80.0'),(193,1,127,'1056','160','0.0','160.0'),(194,1,127,'1079','230','10','220.0'),(195,1,127,'1021','365','15','350.0'),(196,1,127,'1053','360','10','350.0'),(197,1,127,'1087','90','0.0','90.0'),(198,1,127,'1015','350','0.0','350.0'),(199,1,128,'1028','360','30','330.0'),(200,1,129,'1083','415','25','390.0'),(201,2,131,'1005','170','0.0','170.0'),(202,1,131,'1012','185','5','180.0'),(203,1,132,'1029','390','0.0','390.0'),(204,1,132,'1035','200','0.0','200.0'),(207,1,134,'1082','420','40','380.0'),(208,1,134,'1010','250','30','220.0'),(209,1,135,'1071','185','5','180.0'),(210,1,136,'1092','210','10','200.0'),(211,1,138,'1023','370','20','350.0'),(212,1,139,'1011','450','40','410.0'),(213,1,139,'1003','250','30','220.0'),(214,1,140,'1001','290','10','280.0'),(215,1,141,'1069','190','0.0','190.0'),(216,1,142,'1030','230','20','210.0'),(217,1,143,'1035','200','0.0','200.0'),(218,1,143,'1072','135','5','130.0'),(219,2,144,'1091','25','10','15.0'),(220,1,145,'1092','210','10','200.0'),(222,1,146,'1070','190','5','185.0'),(223,1,147,'1084','230','0.0','230.0'),(224,1,148,'1094','15','0.0','15.0'),(225,1,148,'1096','10','5','5.0'),(226,1,148,'1096','10','5','5.0'),(227,1,148,'1093','190','15','175.0'),(229,1,149,'1069','190','10','180.0'),(230,1,150,'1013','395','15','380.0'),(231,1,151,'1029','390','10','380.0'),(232,1,151,'1005','170','10','160.0'),(233,1,151,'1063','200','0.0','200.0'),(234,1,152,'1100','420','40','380.0'),(235,1,153,'1016','750','20','730.0'),(236,1,153,'1092','210','10','200.0'),(237,1,154,'1092','210','50','160.0'),(238,1,155,'1098','85','0.0','85.0'),(239,1,155,'1105','390','0.0','390.0'),(240,1,155,'1095','15','0.0','15.0'),(241,1,155,'1097','10','0.0','10.0'),(242,3,156,'1097','10','0.0','10.0'),(243,1,156,'1001','290','20','270.0'),(244,1,156,'1034','200','20','180.0'),(245,1,157,'1100','420','20','400.0'),(246,1,158,'1082','420','10','410.0'),(247,1,159,'1082','420','10','410.0'),(248,1,160,'1088','100','20','80.0'),(249,1,161,'1013','395','15','380.0'),(250,1,161,'1002','320','20','300.0'),(251,1,161,'1070','190','10','180.0'),(252,1,162,'1021','365','45','320.0'),(253,1,163,'1101','325','10','315.0'),(254,1,163,'1086','340','5','335.0'),(255,1,165,'1100','420','20','400.0'),(256,1,166,'1029','390','40','350.0'),(257,1,167,'1082','420','30','390.0'),(258,1,168,'1102','300','20','280.0'),(259,1,168,'1040','230','10','220.0'),(260,1,168,'1097','10','0.0','10.0'),(261,1,168,'1097','10','0.0','10.0'),(262,1,168,'1095','15','0.0','15.0'),(263,1,169,'1026','350','0.0','350.0'),(264,1,169,'1010','250','0.0','250.0'),(265,1,170,'1088','100','0.0','100.0'),(266,1,170,'1105','390','0.0','390.0'),(268,1,171,'1074','65','0.0','65.0'),(269,1,172,'1029','390','10','380.0'),(270,1,172,'1097','10','0.0','10.0'),(271,1,172,'1097','10','0.0','10.0'),(272,1,173,'1068','165','20','145.0'),(273,1,173,'1013','395','40','355.0'),(274,1,174,'1103','210','10','200.0'),(275,1,175,'1035','200','10','190.0'),(276,1,176,'1075','65','5','60.0'),(279,1,177,'1017','395','15','380.0'),(280,1,178,'1105','390','0.0','390.0'),(281,1,179,'1008','270','40','230.0'),(282,1,179,'1104','230','0.0','230.0'),(283,1,179,'1097','10','0.0','10.0'),(284,1,180,'1012','185','5','180.0'),(285,1,180,'1085','330','30','300.0'),(286,1,181,'1093','190','40','150.0'),(287,1,182,'1069','190','5','185.0'),(288,1,182,'1093','190','5','185.0'),(289,1,182,'1102','300','10','290.0'),(290,1,183,'1072','135','0.0','135.0'),(291,1,183,'1017','395','65','330.0'),(292,1,184,'1102','300','10','290.0'),(293,1,185,'1103','210','10','200.0'),(294,1,186,'1040','230','30','200.0'),(295,1,187,'1068','165','5','160.0'),(296,1,188,'1026','350','50','300.0'),(297,1,188,'1025','320','20','300.0'),(298,1,189,'1033','230','10','220.0'),(299,1,190,'1092','210','10','200.0'),(300,1,191,'1102','300','0.0','300.0'),(301,1,192,'1064','195','10','185.0'),(302,1,192,'1064','195','10','185.0'),(303,1,192,'1065','200','10','190.0'),(304,1,192,'1065','200','10','190.0'),(305,1,193,'1001','290','10','280.0'),(306,1,193,'1069','190','10','180.0'),(307,1,194,'1020','330','30','300.0'),(308,1,195,'1103','210','10','200.0'),(309,1,196,'1033','230','10','220.0'),(310,1,196,'1027','380','30','350.0'),(311,1,197,'1102','300','10','290.0'),(312,1,198,'1087','90','0.0','90.0'),(313,1,199,'1002','320','30','290.0'),(314,1,200,'1034','200','0.0','200.0'),(315,1,201,'1079','230','10','220.0'),(316,1,201,'1002','320','10','310.0'),(317,1,201,'1069','190','0.0','190.0'),(318,1,201,'1091','25','5','20.0'),(319,1,202,'1103','210','20','190.0'),(320,1,202,'1020','330','40','290.0'),(321,1,203,'1005','170','20','150.0'),(322,1,204,'1102','300','10','290.0'),(323,1,205,'1005','170','20','150.0'),(324,1,205,'1038','210','10','200.0'),(325,1,206,'1033','230','0.0','230.0'),(326,1,207,'1104','230','10','220.0'),(327,1,208,'1066','200','10','190.0'),(328,1,208,'1001','290','0.0','290.0'),(329,1,209,'1102','300','10','290.0'),(330,1,209,'1104','230','10','220.0'),(331,1,210,'1106','750','70','680.0'),(332,1,211,'1103','210','20','190.0'),(333,1,211,'1019','375','45','330.0'),(334,1,212,'1107','295','55','240.0'),(335,1,213,'1105','390','0.0','390.0'),(336,1,213,'1097','10','0.0','10.0'),(337,1,214,'1013','395','15','380.0'),(338,1,215,'1082','420','30','390.0'),(339,1,216,'1102','300','10','290.0'),(340,1,216,'1027','380','40','340.0'),(341,1,217,'1083','415','55','360.0'),(342,1,218,'1032','230','0.0','230.0'),(343,1,219,'1029','390','0.0','390.0'),(344,1,219,'1080','260','0.0','260.0'),(345,1,219,'1098','85','5','80.0'),(346,1,220,'1095','15','0.0','15.0'),(347,1,221,'1048','200','10','190.0'),(348,1,221,'1033','230','0.0','230.0'),(349,1,222,'1033','230','0.0','230.0'),(350,1,223,'1033','230','0.0','230.0'),(351,1,224,'1002','320','10','310.0'),(352,1,225,'1037','210','10','200.0'),(353,1,226,'1092','210','10','200.0'),(354,1,227,'1062','200','0.0','200.0'),(355,1,228,'1104','230','30','200.0'),(356,1,229,'1087','90','0.0','90.0'),(357,1,230,'1085','330','0.0','330.0'),(358,1,230,'1099','380','10','370.0'),(359,1,230,'1098','85','5','80.0'),(360,1,230,'1091','25','5','20.0'),(361,1,231,'1092','210','10','200.0'),(362,1,231,'1092','210','10','200.0'),(363,1,232,'1087','90','0.0','90.0'),(364,1,233,'1006','250','10','240.0'),(365,1,233,'1033','230','10','220.0'),(366,2,234,'1094','15','5','10.0'),(367,1,235,'1016','750','30','720.0'),(368,1,235,'1084','230','20','210.0'),(369,1,235,'1012','185','15','170.0'),(370,1,235,'1088','100','5','95.0'),(371,1,236,'1074','65','5','60.0'),(372,1,237,'1003','250','0.0','250.0'),(373,1,238,'1049','180','10','170.0'),(374,1,239,'1037','210','10','200.0'),(375,1,239,'1103','210','10','200.0'),(376,1,240,'1106','750','20','730.0'),(377,1,240,'1043','200','10','190.0'),(378,1,240,'1102','300','20','280.0'),(379,1,241,'1021','365','5','360.0'),(380,1,241,'1027','380','0.0','380.0'),(381,1,242,'1020','330','30','300.0'),(382,1,243,'1106','750','50','700.0'),(383,1,244,'1011','450','0.0','450.0'),(384,1,245,'1017','395','45','350.0'),(385,1,247,'1115','245','15','230.0'),(386,1,248,'1115','245','15','230.0'),(387,1,248,'1115','245','15','230.0'),(390,1,250,'1065','200','0.0','200.0'),(391,1,251,'1115','245','5','240.0'),(392,1,251,'1016','750','60','690.0'),(393,1,252,'1079','230','0.0','230.0'),(397,1,256,'1030','230','10','220.0'),(398,1,256,'1115','245','5','240.0'),(399,1,256,'1099','380','20','360.0'),(400,1,257,'1107','295','25','270.0'),(401,1,258,'1093','190','10','180.0'),(402,1,259,'1038','210','20','190.0'),(403,2,260,'1115','245','0.0','245.0'),(404,1,261,'1015','350','0.0','350.0'),(405,1,262,'1114','210','0.0','210.0'),(407,1,263,'1088','100','0.0','100.0'),(408,1,264,'1121','280','40','240.0'),(409,1,265,'1083','415','15','400.0'),(410,1,265,'1104','230','0.0','230.0'),(411,1,266,'1111','210','0.0','210.0'),(412,1,266,'1115','245','5','240.0'),(413,1,267,'1113','220','0.0','220.0'),(414,3,267,'1118','270','60','210.0'),(415,1,268,'1086','340','40','300.0'),(416,7,269,'1091','25','40','-15.0'),(417,1,269,'1073','50','15','35.0'),(418,1,270,'1099','380','20','360.0'),(419,1,271,'1031','400','20','380.0'),(420,1,271,'1008','270','20','250.0'),(421,1,272,'1072','135','5','130.0'),(422,1,273,'1115','245','10','235.0'),(423,1,273,'1115','245','10','235.0'),(424,1,274,'1113','220','0.0','220.0'),(425,1,275,'1107','295','20','275.0'),(426,1,275,'1115','245','20','225.0'),(427,1,275,'1088','100','0.0','100.0'),(428,1,275,'1114','210','10','200.0'),(429,1,276,'1102','300','20','280.0'),(430,1,277,'1026','350','10','340.0'),(431,1,277,'1096','10','0.0','10.0'),(433,1,279,'1107','295','15','280.0'),(434,1,280,'1120','160','10','150.0'),(435,1,281,'1015','350','15','335.0'),(436,1,281,'1115','245','15','230.0'),(437,1,281,'1112','210','15','195.0'),(438,2,281,'1091','25','10','15.0'),(439,1,281,'1120','160','10','150.0'),(440,1,282,'1069','190','0.0','190.0'),(442,1,283,'1027','380','10','370.0'),(443,1,284,'1036','200','0.0','200.0'),(444,1,285,'1098','85','0.0','85.0'),(445,1,286,'1023','370','20','350.0'),(446,1,287,'1097','10','0.0','10.0'),(447,1,288,'1112','210','10','200.0'),(448,1,288,'1010','250','10','240.0'),(449,1,288,'1115','245','5','240.0'),(450,1,289,'1033','230','30','200.0'),(451,1,290,'1032','230','10','220.0'),(452,1,291,'1107','295','15','280.0'),(453,1,291,'1087','90','10','80.0'),(454,1,292,'1115','245','25','220.0'),(455,1,293,'1014','370','20','350.0'),(457,1,295,'1104','230','30','200.0'),(458,1,296,'1013','395','5','390.0'),(459,1,296,'1113','220','10','210.0'),(460,1,297,'1019','375','10','365.0'),(461,1,297,'1024','290','10','280.0'),(462,1,297,'1115','245','20','225.0'),(463,1,297,'1116','300','50','250.0'),(464,1,297,'1102','300','20','280.0'),(465,1,298,'1115','245','15','230.0'),(466,1,299,'1033','230','10','220.0'),(467,1,300,'1013','395','15','380.0'),(468,1,301,'1041','200','25','175.0'),(469,1,301,'1089','85','20','65.0'),(470,1,302,'1076','65','5','60.0'),(471,1,303,'1097','10','0.0','10.0'),(472,1,303,'1072','135','0.0','135.0'),(474,1,305,'1068','165','5','160.0'),(475,1,305,'1084','230','5','225.0'),(476,1,306,'1019','375','45','330.0'),(477,1,307,'1031','400','10','390.0'),(478,1,308,'1124','85','0.0','85.0'),(479,1,308,'1085','330','40','290.0'),(480,1,309,'1003','250','10','240.0'),(481,1,309,'1115','245','15','230.0'),(482,1,310,'1124','85','0.0','85.0'),(483,1,310,'1123','420','30','390.0'),(484,1,310,'1033','230','5','225.0'),(485,1,311,'1122','280','10','270.0'),(486,1,311,'1070','190','10','180.0'),(487,1,312,'1110','210','10','200.0'),(488,1,312,'1002','320','30','290.0'),(489,1,312,'1096','10','0.0','10.0'),(490,2,312,'1091','25','10','15.0'),(491,1,312,'1096','10','0.0','10.0'),(492,1,313,'1125','320','30','290.0'),(493,1,314,'1113','220','35','185.0'),(494,1,314,'1115','245','25','220.0'),(495,1,314,'1123','420','50','370.0'),(496,3,314,'1095','15','20','-5.0'),(497,1,315,'1123','420','10','410.0'),(498,1,316,'1062','200','0.0','200.0'),(499,1,317,'1013','395','15','380.0'),(500,1,318,'1023','370','20','350.0'),(501,1,319,'1039','230','0.0','230.0'),(502,1,320,'1092','210','10','200.0'),(503,1,321,'1123','420','40','380.0'),(504,1,321,'1028','360','30','330.0'),(505,1,321,'1002','320','30','290.0'),(506,1,322,'1031','400','30','370.0'),(507,1,324,'1026','350','20','330.0'),(508,1,324,'1096','10','0.0','10.0'),(509,1,324,'1116','300','50','250.0'),(510,1,325,'1128','390','10','380.0'),(511,1,326,'1126','280','15','265.0'),(512,1,326,'1008','270','15','255.0'),(513,1,326,'1033','230','15','215.0'),(514,1,326,'1127','210','15','195.0'),(515,1,327,'1128','390','10','380.0'),(516,1,327,'1024','290','10','280.0'),(517,1,327,'1110','210','0.0','210.0'),(518,1,327,'1030','230','10','220.0'),(519,1,327,'1075','65','5','60.0'),(520,1,327,'1112','210','10','200.0'),(521,1,328,'1123','420','0.0','420.0'),(522,1,328,'1124','85','5','80.0'),(523,1,329,'1035','200','10','190.0'),(524,1,329,'1115','245','15','230.0'),(525,1,330,'1115','245','15','230.0'),(526,1,331,'1121','280','20','260.0'),(527,1,332,'1121','280','10','270.0'),(528,1,333,'1125','320','10','310.0'),(529,1,333,'1117','240','10','230.0'),(530,1,333,'1121','280','20','260.0'),(531,1,334,'1128','390','20','370.0'),(532,1,335,'1103','210','30','180.0'),(533,1,336,'1093','190','20','170.0'),(534,1,337,'1024','290','40','250.0'),(535,1,338,'1024','290','10','280.0'),(536,1,339,'1019','375','25','350.0'),(537,1,339,'1063','200','0.0','200.0'),(538,1,339,'1079','230','30','200.0'),(539,1,340,'1114','210','10','200.0'),(540,1,341,'1088','100','0.0','100.0'),(541,1,342,'1110','210','0.0','210.0'),(542,1,342,'1104','230','0.0','230.0'),(543,1,343,'1068','165','5','160.0'),(544,1,344,'1084','230','20','210.0'),(545,1,345,'1113','220','0.0','220.0'),(546,1,345,'1123','420','20','400.0'),(547,1,346,'1008','270','50','220.0'),(548,1,346,'1133','295','0.0','295.0'),(549,1,348,'1128','390','20','370.0'),(550,1,349,'1128','390','10','380.0'),(551,1,350,'1035','200','10.','190.0'),(552,1,350,'1036','200','10','190.0'),(553,1,351,'1116','300','50','250.0'),(554,1,351,'1107','295','25','270.0'),(555,1,352,'1134','440','20','420.0'),(556,1,352,'1097','10','0.0','10.0'),(557,1,353,'1128','390','20','370.0'),(558,1,354,'1070','190','10','180.0'),(559,1,354,'1087','90','0.0','90.0'),(560,1,355,'1134','440','20','420.0'),(561,1,355,'1135','395','15','380.0'),(562,1,356,'1134','440','30','410.0'),(563,1,357,'1069','190','40','150.0'),(564,1,357,'1115','245','45','200.0'),(565,1,358,'1088','100','20','80.0'),(566,1,359,'1065','200','10','190.0'),(567,1,360,'1134','440','10','430.0'),(568,1,361,'1036','200','25','175.0'),(569,1,362,'1120','160','0.0','160.0'),(570,1,363,'1107','295','25','270.0'),(571,1,365,'1127','210','0.0','210.0'),(572,1,366,'1014','370','20','350.0'),(573,1,367,'1115','245','0.0','245.0'),(574,1,368,'1112','210','10','200.0'),(575,1,368,'1135','395','15','380.0'),(576,1,368,'1134','440','20','420.0'),(577,1,369,'1024','290','20','270.0'),(578,1,370,'1131','210','10','200.0'),(579,1,371,'1094','15','5','10.0'),(580,1,371,'1096','10','0.0','10.0'),(581,1,372,'1132','295','0.0','295.0'),(582,1,373,'1127','210','10','200.0'),(583,1,374,'1131','210','10','200.0'),(584,1,374,'1110','210','10','200.0'),(585,1,375,'1106','750','50','700.0'),(586,1,376,'1127','210','10','200.0'),(587,1,377,'1047','200','0.0','200.0'),(588,1,377,'1109','210','10','200.0'),(589,1,378,'1001','290','10','280.0'),(590,1,379,'1129','115','5','110.0'),(591,1,379,'1023','370','20','350.0'),(592,1,380,'1036','200','30','170.0'),(593,1,381,'1088','100','10','90.0'),(594,1,381,'1089','85','5','80.0'),(595,1,381,'1127','210','10','200.0'),(597,1,382,'1135','395','15','380.0'),(598,1,383,'1134','440','20','420.0'),(599,1,384,'1098','85','5','80.0'),(600,1,384,'1115','245','25','220.0'),(601,1,385,'1124','85','5','80.0'),(602,1,385,'1072','135','5','130.0'),(603,1,385,'1109','210','20','190.0'),(604,1,386,'1134','440','10','430.0'),(605,1,386,'1054','140','10','130.0'),(607,1,387,'1075','65','10','55.0'),(608,1,388,'1134','440','20','420.0'),(609,1,389,'1136','200','0.0','200.0'),(610,1,390,'1130','345','5','340.0'),(611,2,391,'1094','15','0.0','15.0'),(612,1,391,'1131','210','20','190.0'),(613,1,392,'1032','230','10','220.0'),(614,1,393,'1079','230','5','225.0'),(615,1,394,'1114','210','10','200.0'),(616,1,394,'1100','420','20','400.0'),(617,1,394,'1124','85','5','80.0'),(618,1,395,'1032','230','15','215.0'),(619,1,396,'1139','185','0.0','185.0'),(620,1,397,'1139','185','15','170.0'),(621,1,398,'1134','440','20','420.0'),(622,1,399,'1131','210','20','190.0'),(623,1,400,'1128','390','20','370.0'),(624,1,400,'1129','115','15','100.0'),(625,1,401,'1132','295','15','280.0'),(626,1,401,'1109','210','10','200.0'),(627,1,402,'1138','210','10','200.0'),(628,1,403,'1129','115','0.0','115.0'),(629,1,403,'1086','340','60','280.0'),(634,1,406,'1120','160','10','150.0'),(635,1,406,'1046','200','0.0','200.0'),(636,1,407,'1135','395','15','380.0'),(637,1,407,'1138','210','30','180.0'),(638,1,408,'1021','365','40','325.0'),(639,1,408,'1034','200','20','180.0'),(640,1,409,'1024','290','30','260.0'),(641,1,409,'1127','210','20','190.0'),(642,1,410,'1132','295','15','280.0'),(643,1,411,'1139','185','0.0','185.0'),(644,1,412,'1107','295','15','280.0'),(645,1,413,'1128','390','10','380.0'),(646,1,414,'1068','165','15','150.0'),(647,1,415,'1136','200','20','180.0'),(648,1,416,'1083','415','45','370.0'),(649,1,417,'1138','210','30','180.0'),(650,1,417,'1110','210','10','200.0'),(651,1,417,'1110','210','10','200.0'),(652,1,417,'1024','290','0.0','290.0'),(653,1,418,'1136','200','10','190.0'),(654,2,419,'1094','15','0.0','15.0'),(655,1,420,'1033','230','10','220.0'),(656,1,420,'1123','420','50','370.0'),(657,1,420,'1077','50','10','40.0'),(658,1,421,'1138','210','10','200.0'),(659,1,422,'1088','100','10','90.0'),(660,1,423,'1061','200','10','190.0'),(661,1,424,'1127','210','10','200.0'),(662,1,425,'1107','295','5','290.0'),(663,1,426,'1095','15','0.0','15.0'),(664,1,427,'1014','370','20','350.0'),(665,2,428,'1094','15','0.0','15.0'),(666,1,429,'1138','210','10','200.0'),(667,1,430,'1014','370','10','360.0'),(668,1,431,'1140','160','10','150.0'),(669,1,432,'1140','160','30','130.0'),(670,1,432,'1087','90','10','80.0'),(671,1,432,'1076','65','5','60.0'),(672,1,432,'1095','15','0.0','15.0'),(673,1,432,'1096','10','0.0','10.0'),(674,1,434,'1134','440','20','420.0'),(675,1,434,'1069','190','10','180.0'),(676,1,435,'1061','200','0.0','200.0'),(677,1,436,'1085','330','40','290.0'),(678,1,437,'1134','440','10','430.0'),(679,1,437,'1083','415','30','385.0'),(680,1,437,'1124','85','0.0','85.0'),(681,2,438,'1137','190','20','170.0'),(682,2,438,'1021','365','30','335.0'),(683,1,439,'1122','280','10','270.0'),(684,1,439,'1021','365','25','340.0'),(685,1,439,'1087','90','0.0','90.0'),(686,1,440,'1094','15','0.0','15.0'),(687,1,441,'1128','390','40','350.0'),(688,1,443,'1121','280','50','230.0'),(689,1,443,'1128','390','40','350.0'),(690,1,444,'1129','115','15','100.0'),(691,1,444,'1028','360','20','340.0'),(692,1,444,'1127','210','10','200.0'),(693,1,445,'1093','190','10','180.0'),(694,1,446,'1142','290','10','280.0'),(697,1,448,'1144','390','45','345.0'),(698,1,449,'1123','420','20','400.0'),(699,1,450,'1138','210','10','200.0'),(700,1,450,'1048','200','0.0','200.0'),(701,1,451,'1129','115','15','100.0'),(702,2,452,'1144','390','10','380.0'),(703,2,452,'1149','250','0.0','250.0'),(704,1,453,'1111','210','50','160.0'),(705,1,453,'1005','170','30','140.0'),(706,1,453,'1116','300','60','240.0'),(707,1,453,'1146','170','50','120.0'),(708,2,453,'1097','10','0.0','10.0'),(709,1,454,'1132','295','35','260.0'),(710,1,455,'1141','299','9','290.0'),(711,1,455,'1144','390','10','380.0'),(712,1,456,'1119','190','20','170.0'),(713,1,456,'1010','250','20','230.0'),(714,1,457,'1076','65','5','60.0'),(715,1,458,'1137','190','40','150.0'),(716,1,459,'1125','320','40','280.0'),(717,1,459,'1129','115','0.0','115.0'),(718,3,459,'1090','10','0.0','10.0'),(719,1,460,'1097','10','0.0','10.0'),(720,1,460,'1139','185','5','180.0'),(721,1,461,'1150','250','0.0','250.0'),(722,1,461,'1123','420','20','400.0'),(723,1,462,'1139','185','5','180.0'),(724,1,462,'1103','210','20','190.0'),(725,1,462,'1091','25','5','20.0'),(726,1,462,'1097','10','0.0','10.0'),(727,1,463,'1129','115','5','110.0'),(728,1,463,'1012','185','15','170.0'),(729,1,464,'1110','210','10','200.0'),(730,1,464,'1143','290','0.0','290.0'),(731,1,465,'1136','200','10','190.0'),(732,1,465,'1127','210','10','200.0'),(733,1,465,'1109','210','10','200.0'),(734,1,465,'1074','65','10','55.0'),(735,1,466,'1122','280','10','270.0'),(736,1,466,'1108','210','10','200.0'),(737,1,467,'1137','190','20','170.0'),(743,1,469,'1112','210','0.0','210.0'),(744,1,469,'1113','220','0.0','220.0'),(745,1,469,'1133','295','5','290.0'),(746,1,470,'1026','350','5','345.0'),(747,1,470,'1122','280','30','250.0'),(748,1,470,'1131','210','20','190.0'),(749,1,471,'1148','230','15','215.0'),(750,1,471,'1141','299','29','270.0'),(751,1,471,'1094','15','0.0','15.0'),(752,1,472,'1030','230','0.0','230.0'),(753,1,473,'1052','230','70','160.0'),(754,2,473,'1097','10','0.0','10.0'),(755,1,473,'1006','250','70','180.0'),(756,2,473,'1091','25','10','15.0'),(757,1,474,'1131','210','10','200.0'),(758,1,475,'1125','320','30','290.0'),(761,1,478,'1068','165','15','150.0'),(762,1,479,'1123','420','50','370.0'),(763,1,479,'1133','295','35','260.0'),(764,1,479,'1129','115','115','0.0'),(765,1,479,'1075','65','5','60.0'),(766,1,480,'1141','299','10','289.0'),(767,1,480,'1120','160','5','155.0'),(768,1,480,'1146','170','10','160.0'),(769,1,480,'1094','15','0.0','15.0'),(770,1,480,'1095','15','0.0','15.0'),(771,1,480,'1095','15','0.0','15.0'),(772,1,481,'1139','185','5','180.0'),(773,2,481,'1147','230','20','210.0'),(774,1,482,'1013','395','25','370.0'),(775,1,482,'1127','210','10','200.0'),(776,1,483,'1030','230','0.0','230.0'),(777,1,484,'1109','210','30','180.0'),(778,1,484,'1083','415','40','375.0'),(779,1,485,'1128','390','90','300.0'),(780,1,485,'1115','245','45','200.0'),(782,1,486,'1014','370','20','350.0'),(784,1,486,'1096','10','0.0','10.0'),(785,2,486,'1091','25','10','15.0'),(786,1,487,'1147','230','10','220.0'),(787,1,488,'1112','210','0.0','210.0'),(788,1,488,'1152','70','0.0','70.0'),(789,1,489,'1148','230','30','200.0'),(790,1,490,'1083','415','65','350.0'),(791,1,490,'1109','210','0.0','210.0'),(792,1,490,'1068','165','0.0','165.0'),(793,1,491,'1153','399','19','380.0'),(794,1,492,'1127','210','60','150.0'),(796,1,492,'1068','165','15','150.0'),(797,2,493,'1078','60','0.0','60.0'),(798,1,494,'1143','290','0.0','290.0'),(799,1,495,'1155','450','20','430.0'),(800,1,495,'1150','250','10','240.0'),(801,1,496,'1111','210','10','200.0'),(802,1,497,'1127','210','10','200.0'),(803,1,497,'1141','299','19','280.0'),(804,1,497,'1008','270','30','240.0'),(805,1,498,'1122','280','30','250.0'),(806,1,499,'1084','230','30','200.0'),(807,1,500,'1154','680','130','550.0'),(808,1,501,'1155','450','40','410.0'),(809,1,502,'1097','10','0.0','10.0'),(810,1,503,'1072','135','0.0','135.0'),(811,1,504,'1127','210','20','190.0'),(812,1,505,'1147','230','10','220.0'),(813,1,506,'1147','230','10','220.0'),(814,1,507,'1154','680','130','550.0'),(816,1,508,'1127','210','10','200.0'),(817,1,509,'1139','185','5','180.0'),(818,1,510,'1123','420','40','380.0'),(819,1,510,'1129','115','15','100.0'),(820,1,511,'1142','290','10','280.0'),(821,1,511,'1155','450','40','410.0'),(822,1,512,'1155','450','50','400.0'),(824,1,513,'1146','170','0.0','170.0'),(825,1,513,'1146','170','0','170.0'),(826,1,513,'1072','135','0.0','135.0'),(827,1,514,'1149','250','10','240.0'),(828,1,514,'1147','230','0.0','230.0'),(829,1,515,'1114','210','30','180.0'),(830,1,516,'1155','450','25','425.0'),(831,1,517,'1153','399','9','390.0'),(832,1,518,'1145','165','15','150.0'),(833,1,519,'1146','170','0.0','170.0'),(834,1,520,'1155','450','50','400.0'),(835,1,521,'1153','399','19','380.0'),(836,1,521,'1155','450','50','400.0'),(837,1,521,'1127','210','20','190.0'),(838,1,521,'1122','280','50','230.0'),(839,1,522,'1130','345','55','290.0'),(840,1,523,'1121','280','30','250.0'),(841,1,524,'1078','60','10','50.0'),(842,1,525,'1097','10','0.0','10.0'),(843,1,526,'1059','190','40','150.0'),(844,1,526,'1046','200','40','160.0'),(845,1,526,'1047','200','30','170.0'),(846,1,527,'1160','215','15','200.0'),(847,1,528,'1021','365','35','330.0'),(848,1,529,'1152','70','0.0','70.0'),(849,1,530,'1148','230','30','200.0'),(850,1,531,'1089','85','5','80.0'),(851,1,531,'1122','280','30','250.0'),(852,1,532,'1155','450','50','400.0'),(853,1,533,'1150','250','20','230.0'),(854,1,534,'1097','10','0.0','10.0'),(855,1,535,'1155','450','70','380.0'),(856,1,536,'1146','170','10','160.0'),(857,1,536,'1136','200','10','190.0'),(858,1,537,'1150','250','0.0','250.0'),(859,1,537,'1153','399','29','370.0'),(860,1,538,'1159','215','15','200.0'),(861,1,539,'1131','210','10','200.0'),(862,1,540,'1157','210','10','200.0'),(863,1,540,'1097','10','0.0','10.0'),(864,1,541,'1093','190','10','180.0'),(865,1,542,'1090','10','0.0','10.0'),(866,1,543,'1133','295','15','280.0'),(867,1,544,'1130','345','45','300.0'),(868,1,545,'1158','230','30','200.0'),(869,1,546,'1154','680','130','550.0'),(870,1,546,'1122','280','30','250.0'),(871,1,547,'1163','235','20','215.0'),(872,1,548,'1155','450','50','400.0'),(875,1,551,'1145','165','5','160.0'),(876,1,552,'1111','210','0.0','210.0'),(877,1,553,'1149','250','10','240.0'),(878,1,553,'1142','290','20','270.0'),(880,1,554,'1158','230','10','220.0'),(881,1,555,'1159','215','15','200.0'),(882,1,556,'1124','85','15','70.0'),(883,1,557,'1148','230','0.0','230.0'),(884,1,558,'1070','190','10','180.0'),(885,1,559,'1145','165','15','150.0'),(887,1,559,'1091','25','5','20.0'),(888,1,559,'1091','25','5','20.0'),(889,1,559,'1130','345','35','310.0'),(891,1,560,'1152','70','0.0','70.0'),(892,1,560,'1129','115','15','100.0'),(893,1,560,'1123','420','20','400.0'),(894,1,560,'1150','250','0.0','250.0'),(895,1,561,'1127','210','10','200.0'),(896,1,561,'1034','200','20','180.0'),(897,1,562,'1094','15','0.0','15.0'),(900,1,564,'1075','65','5','60.0'),(901,1,565,'1122','280','20','260.0'),(904,1,567,'1015','350','30','320.0'),(906,1,569,'1162','280','20','260.0'),(907,2,570,'1094','15','5','10.0'),(908,1,571,'1028','360','30','330.0'),(909,1,572,'1163','235','25','210.0'),(910,1,572,'1076','65','15','50.0'),(911,1,573,'1024','290','50','240.0'),(912,1,574,'1141','299','4','295.0'),(913,1,575,'1021','365','55','310.0'),(914,1,576,'1158','230','20','210.0'),(915,1,577,'1131','210','50','160.0'),(916,1,578,'1026','350','50','300.0'),(917,1,579,'1073','50','10','40.0'),(918,1,580,'1140','160','20','140.0'),(919,1,580,'1146','170','20','150.0'),(920,1,580,'1127','210','10','200.0'),(921,1,581,'1030','230','15','215.0'),(922,1,581,'1147','230','15','215.0'),(923,1,582,'1090','10','0.0','10.0'),(925,1,584,'1161','280','30','250.0'),(926,1,585,'1158','230','10','220.0'),(927,1,586,'1108','210','10','200.0'),(928,1,587,'1155','450','50','400.0'),(929,1,588,'1131','210','50','160.0'),(930,1,589,'1097','10','0.0','10.0'),(931,1,590,'1156','210','10','200.0'),(932,1,591,'1070','190','10','180.0'),(933,1,592,'1158','230','0.0','230.0'),(934,1,592,'1054','140','0.0','140.0'),(935,1,593,'1157','210','10','200.0'),(936,1,594,'1036','200','20','180.0'),(937,1,595,'1014','370','20','350.0');
/*!40000 ALTER TABLE `solditems` ENABLE KEYS */;
UNLOCK TABLES;

--
-- Temporary table structure for view `solditems_forbills_view`
--

DROP TABLE IF EXISTS `solditems_forbills_view`;
/*!50001 DROP VIEW IF EXISTS `solditems_forbills_view`*/;
/*!50001 CREATE TABLE `solditems_forbills_view` (
  `barcode` varchar(100),
  `discount` varchar(45),
  `soldQuantity` int(10) unsigned,
  `date` datetime,
  `sellingprice` double,
  `invoiceID` int(10) unsigned
) */;

--
-- Temporary table structure for view `solditems_view`
--

DROP TABLE IF EXISTS `solditems_view`;
/*!50001 DROP VIEW IF EXISTS `solditems_view`*/;
/*!50001 CREATE TABLE `solditems_view` (
  `barcode` varchar(100),
  `soldQuantity` int(10) unsigned,
  `date` datetime,
  `purchasingprice` double
) */;

--
-- Table structure for table `stock`
--

DROP TABLE IF EXISTS `stock`;
SET @saved_cs_client     = @@character_set_client;
SET character_set_client = utf8;
CREATE TABLE `stock` (
  `id` int(10) unsigned NOT NULL auto_increment,
  `name` varchar(45) NOT NULL,
  PRIMARY KEY  (`id`)
) ENGINE=InnoDB AUTO_INCREMENT=5 DEFAULT CHARSET=utf8;
SET character_set_client = @saved_cs_client;

--
-- Dumping data for table `stock`
--

LOCK TABLES `stock` WRITE;
/*!40000 ALTER TABLE `stock` DISABLE KEYS */;
INSERT INTO `stock` VALUES (1,'المحل الرئيسى'),(2,'مخزن 1');
/*!40000 ALTER TABLE `stock` ENABLE KEYS */;
UNLOCK TABLES;

--
-- Current Database: `shop`
--

USE `shop`;

--
-- Final view structure for view `solditems_forbills_view`
--

/*!50001 DROP TABLE `solditems_forbills_view`*/;
/*!50001 DROP VIEW IF EXISTS `solditems_forbills_view`*/;
/*!50001 CREATE ALGORITHM=UNDEFINED */
/*!50013 DEFINER=`root`@`localhost` SQL SECURITY DEFINER */
/*!50001 VIEW `solditems_forbills_view` AS select `solditems`.`barcode` AS `barcode`,`solditems`.`discount` AS `discount`,`solditems`.`soldQuantity` AS `soldQuantity`,`invoice`.`date` AS `date`,`items`.`sellingPrice` AS `sellingprice`,`invoice`.`id` AS `invoiceID` from ((`solditems` join `items`) join `invoice`) where ((`items`.`barcode` = `solditems`.`barcode`) and (`invoice`.`id` = `solditems`.`invoice_id`)) */;

--
-- Final view structure for view `solditems_view`
--

/*!50001 DROP TABLE `solditems_view`*/;
/*!50001 DROP VIEW IF EXISTS `solditems_view`*/;
/*!50001 CREATE ALGORITHM=UNDEFINED */
/*!50013 DEFINER=`root`@`localhost` SQL SECURITY DEFINER */
/*!50001 VIEW `solditems_view` AS select `solditems`.`barcode` AS `barcode`,`solditems`.`soldQuantity` AS `soldQuantity`,`invoice`.`date` AS `date`,`items`.`purchasingPrice` AS `purchasingprice` from ((`solditems` join `items`) join `invoice`) where ((`items`.`barcode` = `solditems`.`barcode`) and (`invoice`.`id` = `solditems`.`invoice_id`)) */;
/*!40103 SET TIME_ZONE=@OLD_TIME_ZONE */;

/*!40101 SET SQL_MODE=@OLD_SQL_MODE */;
/*!40014 SET FOREIGN_KEY_CHECKS=@OLD_FOREIGN_KEY_CHECKS */;
/*!40014 SET UNIQUE_CHECKS=@OLD_UNIQUE_CHECKS */;
/*!40101 SET CHARACTER_SET_CLIENT=@OLD_CHARACTER_SET_CLIENT */;
/*!40101 SET CHARACTER_SET_RESULTS=@OLD_CHARACTER_SET_RESULTS */;
/*!40101 SET COLLATION_CONNECTION=@OLD_COLLATION_CONNECTION */;
/*!40111 SET SQL_NOTES=@OLD_SQL_NOTES */;

-- Dump completed on 2020-02-29 14:37:24
